image_id,country,top1_title,top1_score,country_evidence_top1,country_evidence_top5,first_evidence_rank,first_evidence_score
geo_0001,Andorra,GeoGuessr,0.38956284523010254,False,False,,
geo_0002,Andorra,Google_Maps,0.3942071795463562,False,False,,
geo_0003,Andorra,Temple_(nightclub),0.4429279863834381,False,False,,
geo_0004,Andorra,List_of_Google_Easter_eggs,0.38238397240638733,False,False,,
geo_0005,Andorra,GeoGuessr,0.3960112929344177,False,False,,
geo_0006,Argentina,Great_Plains,0.3866000771522522,False,False,,
geo_0007,Argentina,North_Texas,0.3919735848903656,False,False,,
geo_0008,Argentina,Google_Street_View_in_Argentina,0.3726465702056885,True,True,1,0.3726465702056885
geo_0009,Argentina,Aeroclub_Argentino,0.41551530361175537,False,False,,
geo_0010,Argentina,List_of_landforms_of_the_Nellis_&_Wildlife_5_Ranges_region,0.42918598651885986,False,False,,
geo_0011,Botswana,Google_Street_View_in_Africa,0.4178228974342346,False,False,,
geo_0012,Botswana,Google_Street_View_in_Africa,0.41280168294906616,False,False,,
geo_0013,Botswana,Google_Street_View_in_Africa,0.4008718729019165,False,False,,
geo_0014,Botswana,Google_Street_View_in_Africa,0.4221354126930237,False,False,,
geo_0015,Botswana,Google_Street_View_in_Africa,0.4158283472061157,False,False,,
geo_0016,Bulgaria,Teghut_mine,0.4159948229789734,False,False,,
geo_0017,Bulgaria,Route_nationale_21,0.39011484384536743,False,False,,
geo_0018,Bulgaria,A591_road,0.388142466545105,False,False,,
geo_0019,Bulgaria,GeoGuessr,0.3961564600467682,False,False,,
geo_0020,Bulgaria,Niš_Fortress,0.38534408807754517,False,False,,
geo_0021,Cambodia,Google_Street_View_in_Asia,0.42621350288391113,False,False,,
geo_0022,Cambodia,Ban_Sop_Ruak,0.40528249740600586,False,False,,
geo_0023,Cambodia,Rural_Khmer_house,0.4123246669769287,True,True,1,0.4123246669769287
geo_0024,Cambodia,Rural_Khmer_house,0.5075273513793945,True,True,1,0.5075273513793945
geo_0025,Cambodia,Florida_State_Road_405,0.3763841390609741,False,False,,
geo_0026,China,Google_Earth,0.37906545400619507,False,False,,
geo_0027,China,Field_Museum_of_Natural_History,0.41475188732147217,False,False,,
geo_0028,China,GeoGuessr,0.3907735049724579,False,True,5,0.3793441951274872
geo_0029,China,List_of_longest_suspension_bridge_spans_of_main_span_between_500_and_1000_meters,0.4518589377403259,False,False,,
geo_0030,China,List_of_state_highways_in_Hawaii,0.3707721531391144,False,False,,
geo_0031,Ecuador,Río_Inabón,0.3678789436817169,False,False,,
geo_0032,Ecuador,"List_of_highways_in_Ponce,_Puerto_Rico",0.40884071588516235,False,False,,
geo_0033,Ecuador,List_of_licensed_and_localized_editions_of_Monopoly:_South_America,0.39372801780700684,False,False,,
geo_0034,Ecuador,Google_Street_View_in_North_America,0.3971590995788574,False,False,,
geo_0035,Ecuador,Bucaná_River,0.4182780385017395,False,False,,
geo_0036,Estonia,Black_Lion_Skatepark,0.41022491455078125,False,False,,
geo_0037,Estonia,South_Carolina_Highway_252,0.39693111181259155,False,False,,
geo_0038,Estonia,List_of_satellite_map_images_with_missing_or_unclear_data,0.3737855553627014,False,False,,
geo_0039,Estonia,Portal:Latvia/Featured_picture/12,0.38273847103118896,False,False,,
geo_0040,Estonia,North_Carolina_Highway_740,0.4024101793766022,False,False,,
geo_0041,Eswatini,North_Carolina_Highway_5,0.3927419185638428,False,False,,
geo_0042,Eswatini,Google_Maps,0.38720571994781494,False,False,,
geo_0043,Eswatini,Google_Street_View_in_Africa,0.38517674803733826,False,False,,
geo_0044,Eswatini,Google_Street_View_in_Africa,0.4323291480541229,False,False,,
geo_0045,Eswatini,Google_Street_View_in_Africa,0.4802955090999603,False,False,,
geo_0046,Faroe Islands,Geography_of_the_Faroe_Islands,0.4107693135738373,True,True,1,0.4107693135738373
geo_0047,Faroe Islands,Route_1_(Iceland),0.4539863169193268,False,False,,
geo_0048,Faroe Islands,Fáskrúðsfjörður,0.44034814834594727,False,False,,
geo_0049,Faroe Islands,Geography_of_the_Faroe_Islands,0.4531390070915222,True,True,1,0.4531390070915222
geo_0050,Faroe Islands,Norðfjarðargöng,0.46186041831970215,False,False,,
geo_0051,France,List_of_satellite_map_images_with_missing_or_unclear_data,0.3740113377571106,False,False,,
geo_0052,France,GeoGuessr,0.40206101536750793,False,False,,
geo_0053,France,GeoGuessr,0.39170968532562256,False,False,,
geo_0054,France,List_of_satellite_map_images_with_missing_or_unclear_data,0.37174057960510254,False,False,,
geo_0055,France,Google_Street_View_coverage,0.39627617597579956,False,False,,
geo_0056,Greenland,Alaska_North_Slope,0.4288848638534546,False,False,,
geo_0057,Greenland,Google_Maps,0.3899552822113037,False,False,,
geo_0058,Greenland,Grim_(Kristiansand),0.4382571876049042,False,False,,
geo_0059,Greenland,Davy_Sound,0.41448670625686646,False,False,,
geo_0060,Greenland,Hudson_Bay,0.4002816081047058,False,False,,
geo_0061,Latvia,Molotov_Line,0.3883613049983978,False,False,,
geo_0062,Latvia,Portal:Gardening/Selected_picture/7,0.38891786336898804,False,False,,
geo_0063,Latvia,Długołęka-Koski,0.3828480839729309,False,False,,
geo_0064,Latvia,GeoGuessr,0.3617527484893799,False,True,5,0.3555094003677368
geo_0065,Latvia,Portal:Geography/Featured_picture_archive/2006,0.3971630334854126,False,False,,
geo_0066,Lebanon,Perperikon,0.4230725169181824,False,False,,
geo_0067,Lebanon,Historic_Monuments_and_Sites_of_Morocco,0.4124745726585388,False,False,,
geo_0068,Lebanon,Google_Maps,0.40858525037765503,False,False,,
geo_0069,Lebanon,The_Amazing_Race_11,0.3800896406173706,False,False,,
geo_0070,Lebanon,Hamra_Street,0.39042454957962036,False,False,,
geo_0071,Luxembourg,Porte_d'Auteuil_station,0.3618227243423462,False,False,,
geo_0072,Luxembourg,GeoGuessr,0.43306541442871094,False,False,,
geo_0073,Luxembourg,List_of_satellite_map_images_with_missing_or_unclear_data,0.37938955426216125,False,False,,
geo_0074,Luxembourg,Google_Street_View,0.3716221749782562,False,False,,
geo_0075,Luxembourg,Google_Maps,0.39615291357040405,False,False,,
geo_0076,Montenegro,European_route_E80,0.41046392917633057,False,True,5,0.38745006918907166
geo_0077,Montenegro,Georgia_State_Route_65,0.38962888717651367,False,False,,
geo_0078,Montenegro,2025_Senior_Open_Championship,0.3806383013725281,False,False,,
geo_0079,Montenegro,GeoGuessr,0.3853291869163513,False,False,,
geo_0080,Montenegro,European_route_E80,0.44060608744621277,False,True,3,0.43790245056152344
geo_0081,Northern Mariana Islands,Google_Street_View_in_North_America,0.4112577438354492,False,False,,
geo_0082,Northern Mariana Islands,Amerzone,0.37710341811180115,False,False,,
geo_0083,Northern Mariana Islands,Sakishima_Beacons,0.3912929892539978,False,False,,
geo_0084,Northern Mariana Islands,Google_Street_View_in_North_America,0.44265317916870117,False,False,,
geo_0085,Northern Mariana Islands,Florida_State_Road_405,0.40183186531066895,False,False,,
geo_0086,Pakistan,List_of_Monuments_of_National_Importance_in_Delhi,0.44774866104125977,False,False,,
geo_0087,Pakistan,Hazarduari_Palace,0.3980620503425598,False,False,,
geo_0088,Pakistan,"Jama_Mosque,_Ahmedabad",0.4363543391227722,False,False,,
geo_0089,Pakistan,Punpun,0.3878299593925476,False,False,,
geo_0090,Pakistan,List_of_Monuments_of_National_Importance_in_Delhi,0.39411115646362305,False,False,,
geo_0091,Poland,GeoGuessr,0.3907637298107147,False,False,,
geo_0092,Poland,Interstate_91,0.39025992155075073,False,False,,
geo_0093,Poland,Portal:Geography/Featured_picture_archive/2006,0.38051193952560425,False,False,,
geo_0094,Poland,A6_road_(Latvia),0.4027857184410095,False,False,,
geo_0095,Poland,Black_Lion_Skatepark,0.42655959725379944,False,False,,
geo_0096,Puerto Rico,"List_of_highways_in_Ponce,_Puerto_Rico",0.4188899099826813,True,True,1,0.4188899099826813
geo_0097,Puerto Rico,Puerto_Rico_Highway_3,0.427101194858551,True,True,1,0.427101194858551
geo_0098,Puerto Rico,Google_Street_View_in_North_America,0.40419211983680725,False,True,3,0.40118521451950073
geo_0099,Puerto Rico,Google_Street_View_in_South_America,0.4281315207481384,False,False,,
geo_0100,Puerto Rico,Google_Street_View_in_South_America,0.45813119411468506,False,True,4,0.43322741985321045
geo_0101,Senegal,Circles_of_latitude_between_the_35th_parallel_north_and_the_40th_parallel_north,0.3923642933368683,False,False,,
geo_0102,Senegal,Google_Street_View_in_Africa,0.3879982829093933,False,True,3,0.38316410779953003
geo_0103,Senegal,Google_Street_View_in_Africa,0.38271743059158325,False,False,,
geo_0104,Senegal,North_Carolina_Highway_5,0.3716621696949005,False,False,,
geo_0105,Senegal,Adi_Bakel,0.4553341865539551,False,False,,
geo_0106,South Africa,Google_Street_View_in_Africa,0.39923983812332153,False,True,4,0.3641248047351837
geo_0107,South Africa,Thiele_Highway,0.38928839564323425,False,False,,
geo_0108,South Africa,Playford_Highway,0.3768082857131958,False,False,,
geo_0109,South Africa,Google_Street_View_in_Africa,0.46990713477134705,False,False,,
geo_0110,South Africa,Portal:Geography/Featured_picture_archive/2006,0.3898666799068451,False,False,,
geo_0111,South Korea,Saruta_Kōgyō_S.C.,0.3950740098953247,False,False,,
geo_0112,South Korea,Anyangcheon,0.4000626504421234,False,True,3,0.38677605986595154
geo_0113,South Korea,Gayang-daero,0.38402682542800903,False,False,,
geo_0114,South Korea,Road_signs_in_China,0.3995774984359741,False,False,,
geo_0115,South Korea,Seoul_Subway_Line_5,0.39413565397262573,False,True,5,0.38004767894744873
geo_0116,Switzerland,List_of_cultural_property_of_national_significance_in_Switzerland:_Bern_A-M,0.3977246582508087,True,True,1,0.3977246582508087
geo_0117,Switzerland,List_of_highest_paved_roads_in_Europe,0.4233260750770569,False,False,,
geo_0118,Switzerland,List_of_satellite_map_images_with_missing_or_unclear_data,0.3817293345928192,False,False,,
geo_0119,Switzerland,Bernina_railway_line,0.4696448743343353,False,False,,
geo_0120,Switzerland,GeoGuessr,0.3751903176307678,False,False,,
geo_0121,Taiwan,Gaomei_Wetlands,0.3574957847595215,False,False,,
geo_0122,Taiwan,List_of_Hangzhou_Metro_stations,0.4058314561843872,False,False,,
geo_0123,Taiwan,Google_Maps,0.3640466630458832,False,False,,
geo_0124,Taiwan,Portal:Geography/Featured_picture_archive/2006,0.3582420349121094,False,False,,
geo_0125,Taiwan,"Mahratta,_Wahroonga",0.3847465515136719,False,False,,
geo_0126,Tunisia,Highway_15_(Jordan),0.423748642206192,False,False,,
geo_0127,Tunisia,List_of_African_regions_by_life_expectancy,0.413595050573349,False,False,,
geo_0128,Tunisia,The_Amazing_Race_1,0.3801567554473877,False,False,,
geo_0129,Tunisia,"Mezher,_Lebanon",0.38463836908340454,False,False,,
geo_0130,Tunisia,Oilibya,0.39416515827178955,False,True,2,0.39259034395217896
geo_0131,Uganda,Google_Street_View_in_Africa,0.4500662088394165,False,True,5,0.38531166315078735
geo_0132,Uganda,Google_Street_View_in_Africa,0.45441702008247375,False,False,,
geo_0133,Uganda,Google_Street_View_coverage,0.41269901394844055,False,False,,
geo_0134,Uganda,Google_Street_View_in_Africa,0.43313705921173096,False,False,,
geo_0135,Uganda,Google_Street_View_in_Africa,0.4709762632846832,False,False,,
geo_0136,United Arab Emirates,List_of_buildings_in_Dubai,0.413006067276001,False,False,,
geo_0137,United Arab Emirates,E_44_road_(United_Arab_Emirates),0.4178481698036194,True,True,1,0.4178481698036194
geo_0138,United Arab Emirates,Roads_in_Kuwait,0.4046596586704254,False,True,2,0.3871557116508484
geo_0139,United Arab Emirates,Transport_in_Dubai,0.4356871247291565,False,True,4,0.4192640781402588
geo_0140,United Arab Emirates,Portal:Formula_One/Next_Grand_Prix/Round_05,0.41290783882141113,False,False,,
geo_0141,United Kingdom,"List_of_listed_buildings_in_St_Andrews,_Fife",0.38708990812301636,False,False,,
geo_0142,United Kingdom,Vatican_Gallery_of_Maps,0.44378092885017395,False,False,,
geo_0143,United Kingdom,Google_Street_View,0.3952997326850891,False,True,3,0.3857842683792114
geo_0144,United Kingdom,North_Carolina_Highway_751,0.3621212840080261,False,True,4,0.35619407892227173
geo_0145,United Kingdom,GeoGuessr,0.4003397226333618,False,False,,
geo_0146,United States,Road_signs_in_China,0.39520180225372314,False,False,,
geo_0147,United States,Internet_Roadtrip,0.39400333166122437,False,True,5,0.38346338272094727
geo_0148,United States,North_Creek_(conservation_area),0.3872074484825134,False,False,,
geo_0149,United States,"Georgia,_New_Jersey",0.376517653465271,False,True,4,0.35981014370918274
geo_0150,United States,Broad_River_Air_Park,0.3782525062561035,False,False,,
