image_id,country,category,top1_title,top5_titles
geo_0001,Andorra,generic_streetview_or_mapping,GeoGuessr,GeoGuessr || List_of_highest_paved_roads_in_Europe || Route_nationale_21 || GeoGuessr || Portal:U.S._roads/Selected_picture
geo_0002,Andorra,generic_streetview_or_mapping,Google_Maps,Google_Maps || GeoGuessr || GeoGuessr || GeoGuessr || Go_Go_Stop
geo_0003,Andorra,weak_or_non_specific_retrieval,Temple_(nightclub),"Temple_(nightclub) || Solomon's_Temple,_Aizawl || Santiago_Chile_Temple || List_of_temples_of_the_Church_of_Jesus_Christ_of_Latter-day_Saints_by_geographic_region || List_of_sister_cities_in_Texas"
geo_0004,Andorra,generic_streetview_or_mapping,List_of_Google_Easter_eggs,List_of_Google_Easter_eggs || GeoGuessr || Google_Street_View || GeoGuessr || Google_Street_View
geo_0005,Andorra,generic_streetview_or_mapping,GeoGuessr,GeoGuessr || GeoGuessr || El_Golobar || List_of_highest_paved_roads_in_Europe || List_of_highest_paved_roads_in_Europe
geo_0006,Argentina,location_related_visual_evidence,Great_Plains,Great_Plains || Geography_of_Saskatchewan || Portal:Geography/Featured_picture_archive/2006 || 96th_meridian_west || Portal:Geography/Selected_picture
geo_0007,Argentina,generic_streetview_or_mapping,North_Texas,North_Texas || North_Texas || Google_Maps || North_Carolina_Highway_5 || Portal:Geography/Featured_picture_archive/2006
geo_0008,Argentina,explicit_country_evidence,Google_Street_View_in_Argentina,"Google_Street_View_in_Argentina || Google_Street_View || Highway_I–16_(Cuba) || Transportation_in_Augusta,_Georgia || Aix-les-Bains"
geo_0009,Argentina,weak_or_non_specific_retrieval,Aeroclub_Argentino,"Aeroclub_Argentino || Tropic_of_Capricorn || Tropic_of_Capricorn || Villa_María_de_Río_Seco_Airport || Bernardo,_New_Mexico"
geo_0010,Argentina,transport_or_road_evidence,List_of_landforms_of_the_Nellis_&_Wildlife_5_Ranges_region,List_of_landforms_of_the_Nellis_&_Wildlife_5_Ranges_region || California_State_Route_62 || U.S._Route_95_in_Arizona || List_of_Nevada_Scenic_Byways || U.S._Route_95_in_Arizona
geo_0011,Botswana,generic_streetview_or_mapping,Google_Street_View_in_Africa,Google_Street_View_in_Africa || Google_Street_View_in_Africa || Rwamagana_Solar_Power_Station || Adi_Bakel || The_Amazing_Race_1
geo_0012,Botswana,generic_streetview_or_mapping,Google_Street_View_in_Africa,Google_Street_View_in_Africa || Donkerbos || Sonneblom || List_of_donkey_breeds || List_of_donkey_breeds
geo_0013,Botswana,generic_streetview_or_mapping,Google_Street_View_in_Africa,Google_Street_View_in_Africa || M9_(Johannesburg) || M57_(Johannesburg) || R511_(South_Africa) || M43_(Johannesburg)
geo_0014,Botswana,generic_streetview_or_mapping,Google_Street_View_in_Africa,Google_Street_View_in_Africa || Google_Street_View_in_Africa || North_Carolina_Highway_5 || Google_Street_View_in_Africa || R511_(South_Africa)
geo_0015,Botswana,generic_streetview_or_mapping,Google_Street_View_in_Africa,Google_Street_View_in_Africa || M5_(Johannesburg) || R24_(South_Africa) || Google_Street_View_in_Africa || M5_(Pretoria)
geo_0016,Bulgaria,generic_streetview_or_mapping,Teghut_mine,"Teghut_mine || Dashalty || Tserovo,_Pazardzhik_Province || Google_Street_View_in_Europe || Voyvodovo,_Vratsa_Province"
geo_0017,Bulgaria,transport_or_road_evidence,Route_nationale_21,Route_nationale_21 || Georgia_State_Route_297 || List_of_gravity_hills || D21_road_(Croatia) || S12_highway_(Georgia)
geo_0018,Bulgaria,transport_or_road_evidence,A591_road,A591_road || North_Carolina_Highway_5 || A515_road || B_roads_in_Zone_3_of_the_Great_Britain_numbering_scheme || Portal:Geography/Featured_picture_archive/2006
geo_0019,Bulgaria,generic_streetview_or_mapping,GeoGuessr,GeoGuessr || GeoGuessr || List_of_Google_April_Fools'_Day_jokes || Historypin || Google_Street_View_in_Antarctica
geo_0020,Bulgaria,weak_or_non_specific_retrieval,Niš_Fortress,"Niš_Fortress || Gates_of_Belgrade || Gates_of_Belgrade || Stari_dvor || Voyvodovo,_Vratsa_Province"
geo_0021,Cambodia,generic_streetview_or_mapping,Google_Street_View_in_Asia,Google_Street_View_in_Asia || The_Amazing_Race_Vietnam_2015 || Luang_Prabang || Monivong_Boulevard || Phnom_Penh
geo_0022,Cambodia,weak_or_non_specific_retrieval,Ban_Sop_Ruak,Ban_Sop_Ruak || List_of_rivers_of_Cameroon || Mae_Hong_Son_province || Phi_Pan_Nam_Range || Sai_River_(Thailand)
geo_0023,Cambodia,explicit_country_evidence,Rural_Khmer_house,Rural_Khmer_house || Google_Street_View_in_North_America || Portal:Sierra_Leone/Selected_picture || Rice_barn || Circles_of_latitude_between_the_Equator_and_the_5th_parallel_north
geo_0024,Cambodia,explicit_country_evidence,Rural_Khmer_house,Rural_Khmer_house || Rural_Khmer_house || Rural_Khmer_house || Rural_Khmer_house || Portal:Cambodia
geo_0025,Cambodia,generic_streetview_or_mapping,Florida_State_Road_405,Florida_State_Road_405 || Călmățui_(Brăila) || Google_Maps || Google_Maps || Ecuador_Highway_35
geo_0026,China,generic_streetview_or_mapping,Google_Earth,Google_Earth || List_of_satellite_map_images_with_missing_or_unclear_data || Cartographic_censorship || GeoGuessr || Google_Maps
geo_0027,China,weak_or_non_specific_retrieval,Field_Museum_of_Natural_History,Field_Museum_of_Natural_History || Nazarbayev_Center || North_American_Native_Museum || Tibet_Museum_(Lhasa) || Middle_American_Research_Institute
geo_0028,China,explicit_country_evidence,GeoGuessr,GeoGuessr || List_of_works_by_Zaha_Hadid || Wangjing_SOHO || Zaha_Hadid || SOHO_China
geo_0029,China,weak_or_non_specific_retrieval,List_of_longest_suspension_bridge_spans_of_main_span_between_500_and_1000_meters,List_of_longest_suspension_bridge_spans_of_main_span_between_500_and_1000_meters || List_of_longest_suspension_bridge_spans_of_main_span_between_500_and_1000_meters || List_of_longest_cable-stayed_bridge_spans || List_of_longest_cable-stayed_bridge_spans || Architecture_of_Macau
geo_0030,China,transport_or_road_evidence,List_of_state_highways_in_Hawaii,List_of_state_highways_in_Hawaii || Guam_Highway_14 || East_Asia || Portal:Geography/Featured_picture_archive/2008 || S9902_Xinle-Yuanshi_Expressway
geo_0031,Ecuador,transport_or_road_evidence,Río_Inabón,"Río_Inabón || Alamikamba_Airport || Palcasa_Airport || Santo_Domingo,_Nueva_Ecija || Pan-American_Highway"
geo_0032,Ecuador,transport_or_road_evidence,"List_of_highways_in_Ponce,_Puerto_Rico","List_of_highways_in_Ponce,_Puerto_Rico || Puerto_Rico_Highway_3 || Transport_in_Nicaragua || Puerto_Rico_Highway_123 || Puerto_Rico_Highway_1"
geo_0033,Ecuador,generic_streetview_or_mapping,List_of_licensed_and_localized_editions_of_Monopoly:_South_America,List_of_licensed_and_localized_editions_of_Monopoly:_South_America || Portugués_River || Google_Street_View_in_South_America || Google_Street_View_in_South_America || Mexico_City_Metrobús_Line_3
geo_0034,Ecuador,generic_streetview_or_mapping,Google_Street_View_in_North_America,Google_Street_View_in_North_America || Google_Street_View_in_Argentina || Google_Street_View_in_Colombia || Google_Street_View_in_South_America || Pan-American_Highway
geo_0035,Ecuador,generic_streetview_or_mapping,Bucaná_River,Bucaná_River || Google_Street_View_in_South_America || Google_Street_View_in_Colombia || Google_Street_View_in_North_America || Puerto_Rico_Highway_3
geo_0036,Estonia,location_related_visual_evidence,Black_Lion_Skatepark,"Black_Lion_Skatepark || Golf || Darby,_Montana || World_Woods_Golf_Club || Iandra_Castle"
geo_0037,Estonia,generic_streetview_or_mapping,South_Carolina_Highway_252,South_Carolina_Highway_252 || Scania_Truck_Driving_Simulator || Google_Street_View_coverage || 2005_Race_of_Champions || GeoGuessr
geo_0038,Estonia,generic_streetview_or_mapping,List_of_satellite_map_images_with_missing_or_unclear_data,List_of_satellite_map_images_with_missing_or_unclear_data || GeoGuessr || List_of_licensed_and_localized_editions_of_Monopoly:_Europe || Google_Street_View_in_Europe || Grand_union
geo_0039,Estonia,transport_or_road_evidence,Portal:Latvia/Featured_picture/12,"Portal:Latvia/Featured_picture/12 || Georgia_State_Route_297 || Golf || Florida_State_Road_5 || Georgia,_New_Jersey"
geo_0040,Estonia,transport_or_road_evidence,North_Carolina_Highway_740,North_Carolina_Highway_740 || Prince_of_Wales_Drive || New_York_State_Route_5 || Quebec_Route_291 || List_of_roads_in_Brampton
geo_0041,Eswatini,generic_streetview_or_mapping,North_Carolina_Highway_5,"North_Carolina_Highway_5 || Google_Street_View_in_Africa || List_of_highways_in_Ponce,_Puerto_Rico || Google_Maps || List_of_gravity_hills"
geo_0042,Eswatini,generic_streetview_or_mapping,Google_Maps,Google_Maps || Puerto_Rico_Highway_252 || Google_Street_View_in_North_America || Puerto_Rico_Highway_20 || Avenida_Juan_Ponce_de_León
geo_0043,Eswatini,generic_streetview_or_mapping,Google_Street_View_in_Africa,Google_Street_View_in_Africa || Djuma_Game_Reserve || Wilderness_(company) || Bo_Plains || WildEarth
geo_0044,Eswatini,generic_streetview_or_mapping,Google_Street_View_in_Africa,Google_Street_View_in_Africa || Google_Street_View_coverage || Google_Street_View_in_Africa || Google_Street_View_in_Africa || Google_Street_View_coverage
geo_0045,Eswatini,generic_streetview_or_mapping,Google_Street_View_in_Africa,Google_Street_View_in_Africa || Google_Street_View_in_Africa || Google_Street_View_in_Africa || Google_Street_View_coverage || Google_Street_View_in_Africa
geo_0046,Faroe Islands,explicit_country_evidence,Geography_of_the_Faroe_Islands,Geography_of_the_Faroe_Islands || Fugloyarfjørður || Helluland || Fjord || Tunulliarfik_Fjord
geo_0047,Faroe Islands,transport_or_road_evidence,Route_1_(Iceland),Route_1_(Iceland) || List_of_Google_Easter_eggs || Route_1_(Iceland) || Grim_(Kristiansand) || The_Amazing_Race_30
geo_0048,Faroe Islands,weak_or_non_specific_retrieval,Fáskrúðsfjörður,Fáskrúðsfjörður || Gaular || Sørvágur || Tjørnuvík || List_of_northernmost_items
geo_0049,Faroe Islands,explicit_country_evidence,Geography_of_the_Faroe_Islands,Geography_of_the_Faroe_Islands || Route_1_(Iceland) || National_Tourist_Routes_in_Norway || Geography_of_the_Faroe_Islands || Roads_in_Iceland
geo_0050,Faroe Islands,transport_or_road_evidence,Norðfjarðargöng,Norðfjarðargöng || Gásadalstunnilin || Nogvafjord_Tunnel || National_Tourist_Routes_in_Norway || Fáskrúðsfjarðargöng
geo_0051,France,transport_or_road_evidence,List_of_satellite_map_images_with_missing_or_unclear_data,List_of_satellite_map_images_with_missing_or_unclear_data || List_of_Charleroi_Metro_former_lines || A1_autoroute || Amiens || Paris_Avenue_(Versailles)
geo_0052,France,generic_streetview_or_mapping,GeoGuessr,GeoGuessr || On_the_Trail_of_the_Golden_Owl || Castle_of_Penedono || Burg_Klingenstein || Church_of_Notre-Dame_de_Dives-sur-Merent
geo_0053,France,generic_streetview_or_mapping,GeoGuessr,GeoGuessr || List_of_satellite_map_images_with_missing_or_unclear_data || 2006_Race_of_Champions || JumpStart_Advanced_2nd_Grade || Go_Go_Stop
geo_0054,France,generic_streetview_or_mapping,List_of_satellite_map_images_with_missing_or_unclear_data,List_of_satellite_map_images_with_missing_or_unclear_data || List_of_Google_Easter_eggs || Google_Street_View || List_of_Charleroi_Metro_former_lines || List_of_places_named_after_Pierre_Brossolette
geo_0055,France,generic_streetview_or_mapping,Google_Street_View_coverage,Google_Street_View_coverage || Google_Image_Labeler || GeoGuessr || List_of_satellite_map_images_with_missing_or_unclear_data || Google_Street_View
geo_0056,Greenland,weak_or_non_specific_retrieval,Alaska_North_Slope,Alaska_North_Slope || Pipe_Peak || List_of_northernmost_items || Hut_Point_Peninsula || Leverett_Glacier
geo_0057,Greenland,generic_streetview_or_mapping,Google_Maps,Google_Maps || GeoGuessr || Ari_Huusela || Nanuuseq || Circumnavigation
geo_0058,Greenland,location_related_visual_evidence,Grim_(Kristiansand),Grim_(Kristiansand) || List_of_northernmost_items || Listed_buildings_in_Jönköping_County || List_of_northernmost_items || List_of_northernmost_items
geo_0059,Greenland,generic_streetview_or_mapping,Davy_Sound,Davy_Sound || Wilhelmina_Bay || GeoGuessr || Nanuuseq || Sabine_Islands
geo_0060,Greenland,generic_streetview_or_mapping,Hudson_Bay,Hudson_Bay || Google_Street_View_in_Antarctica || Google_Street_View_in_Antarctica || List_of_northernmost_items || List_of_locations_in_the_Port_of_London
geo_0061,Latvia,transport_or_road_evidence,Molotov_Line,Molotov_Line || Poland–Russia_border || A1_autostrada_(Poland) || National_road_91_(Poland) || Expressway_S3_(Poland)
geo_0062,Latvia,location_related_visual_evidence,Portal:Gardening/Selected_picture/7,Portal:Gardening/Selected_picture/7 || Portal:Geography/Featured_picture_archive/2006 || Portal:North_America/Selected_picture || Circles_of_latitude_between_the_50th_parallel_north_and_the_55th_parallel_north || Długołęka-Koski
geo_0063,Latvia,location_related_visual_evidence,Długołęka-Koski,Długołęka-Koski || Black_Lion_Skatepark || Portal:Geography/Featured_picture_archive/2006 || Molotov_Line || Archery_at_the_2017_World_Games_–_Men's_individual_compound
geo_0064,Latvia,explicit_country_evidence,GeoGuessr,GeoGuessr || Go_Go_Stop || Google_Maps || Circles_of_latitude_between_the_50th_parallel_north_and_the_55th_parallel_north || Road_signs_in_Latvia
geo_0065,Latvia,generic_streetview_or_mapping,Portal:Geography/Featured_picture_archive/2006,"Portal:Geography/Featured_picture_archive/2006 || Portal:Geography/Featured_picture/2006,_week_28 || Google_Maps || Pennsylvania_Route_272 || North_Carolina_Highway_5"
geo_0066,Lebanon,weak_or_non_specific_retrieval,Perperikon,Perperikon || Makhtesh_Ramon || Endeavour_(crater) || Long_distance_observations || Mitzpe_Ramon
geo_0067,Lebanon,location_related_visual_evidence,Historic_Monuments_and_Sites_of_Morocco,"Historic_Monuments_and_Sites_of_Morocco || List_of_monuments_in_Salé,_Morocco || List_of_monuments_in_Marrakesh || List_of_cultural_assets_of_Algeria || List_of_monuments_in_Salé,_Morocco"
geo_0068,Lebanon,generic_streetview_or_mapping,Google_Maps,Google_Maps || Google_Street_View_in_South_America || Portal:Geography/DYK/21 || Google_Street_View_in_Israel || Alexandria_Corniche
geo_0069,Lebanon,location_related_visual_evidence,The_Amazing_Race_11,The_Amazing_Race_11 || Isola_di_Lolando || Megastructures_(TV_series) || Nosy_Alañaña_Light || List_of_lighthouses_in_Chile:_NGA2328–NGA2718
geo_0070,Lebanon,generic_streetview_or_mapping,Hamra_Street,"Hamra_Street || Hamra,_Beirut || Google_Street_View_in_Africa || Ghubaira || Kızıltoprak_railway_station"
geo_0071,Luxembourg,generic_streetview_or_mapping,Porte_d'Auteuil_station,Porte_d'Auteuil_station || Stade_Roland_Garros || List_of_satellite_map_images_with_missing_or_unclear_data || GeoGuessr || 2019_Overwatch_World_Cup
geo_0072,Luxembourg,generic_streetview_or_mapping,GeoGuessr,GeoGuessr || GeoGuessr || Grand_union || GeoGuessr || List_of_satellite_map_images_with_missing_or_unclear_data
geo_0073,Luxembourg,generic_streetview_or_mapping,List_of_satellite_map_images_with_missing_or_unclear_data,List_of_satellite_map_images_with_missing_or_unclear_data || List_of_Polish_cities_and_towns_damaged_in_World_War_II || Google_Street_View_coverage || List_of_cultural_property_of_national_significance_in_Switzerland:_Fribourg || List_of_protected_heritage_sites_in_Namur_(city)
geo_0074,Luxembourg,generic_streetview_or_mapping,Google_Street_View,Google_Street_View || Google_Street_View || Google_Street_View_in_Europe || List_of_satellite_map_images_with_missing_or_unclear_data || GeoGuessr
geo_0075,Luxembourg,generic_streetview_or_mapping,Google_Maps,Google_Maps || Portal:Geography/Featured_picture_archive/2006 || North_Carolina_Highway_5 || Straight_line_mission || List_of_Google_April_Fools'_Day_jokes
geo_0076,Montenegro,explicit_country_evidence,European_route_E80,European_route_E80 || Autostrada_A55 || European_route_E70 || Autostrada_A23_(Italy) || M-4.1_highway_(Montenegro)
geo_0077,Montenegro,generic_streetview_or_mapping,Georgia_State_Route_65,Georgia_State_Route_65 || GeoGuessr || Georgia_State_Route_171 || GeoGuessr || North_Carolina_Highway_5
geo_0078,Montenegro,generic_streetview_or_mapping,2025_Senior_Open_Championship,2025_Senior_Open_Championship || Google_Maps || North_Carolina_Highway_5 || Google_Maps || Google_Maps
geo_0079,Montenegro,generic_streetview_or_mapping,GeoGuessr,GeoGuessr || Kaaterskill_High_Peak || GeoGuessr || List_of_South_Fork_Eel_River_crossings || Line_of_greatest_slope
geo_0080,Montenegro,explicit_country_evidence,European_route_E80,European_route_E80 || D25_road_(Croatia) || M-4.1_highway_(Montenegro) || M-2_highway_(Montenegro) || Google_Street_View_in_Europe
geo_0081,Northern Mariana Islands,generic_streetview_or_mapping,Google_Street_View_in_North_America,Google_Street_View_in_North_America || Puerto_Rico_Highway_504 || U.S._Virgin_Islands_Highway_40 || Florida_State_Road_405 || Puerto_Rico_Highway_54
geo_0082,Northern Mariana Islands,generic_streetview_or_mapping,Amerzone,Amerzone || Google_Street_View_in_Oceania || Fig_Tree_Drive || GeoGuessr || Circles_of_latitude_between_the_Equator_and_the_5th_parallel_north
geo_0083,Northern Mariana Islands,generic_streetview_or_mapping,Sakishima_Beacons,Sakishima_Beacons || Cape_Sōya || List_of_lighthouses_in_Chile:_NGA2328–NGA2718 || Google_Street_View_in_Oceania || Mount_Olotele
geo_0084,Northern Mariana Islands,generic_streetview_or_mapping,Google_Street_View_in_North_America,"Google_Street_View_in_North_America || Aguadilla,_Puerto_Rico || Puerto_Rico_Highway_735 || Santa_Clara–Caibarién_Road || U.S._Route_41_in_Florida"
geo_0085,Northern Mariana Islands,transport_or_road_evidence,Florida_State_Road_405,Florida_State_Road_405 || Puerto_Rico_Highway_123 || Florida_State_Road_758 || Florida_State_Road_64 || U.S._Route_41_in_Florida
geo_0086,Pakistan,location_related_visual_evidence,List_of_Monuments_of_National_Importance_in_Delhi,List_of_Monuments_of_National_Importance_in_Delhi || List_of_Monuments_of_National_Importance_in_Bihar || List_of_Monuments_of_National_Importance_in_Agra_circle || List_of_Monuments_of_National_Importance_in_Nagpur_circle || List_of_Monuments_of_National_Importance_in_Delhi
geo_0087,Pakistan,location_related_visual_evidence,Hazarduari_Palace,"Hazarduari_Palace || List_of_cultural_heritage_sites_in_Lahore || List_of_Monuments_of_National_Importance_in_Agra_district || Sus,_Pune || List_of_Monuments_of_National_Importance_in_Agra_district"
geo_0088,Pakistan,location_related_visual_evidence,"Jama_Mosque,_Ahmedabad","Jama_Mosque,_Ahmedabad || City_wall_of_Jaipur || Harand_Fort || Gates_in_Aurangabad || List_of_Monuments_of_National_Importance_in_Ahmedabad_district"
geo_0089,Pakistan,location_related_visual_evidence,Punpun,"Punpun || Santacruz,_Mumbai || Black_Lion_Skatepark || Strawberry_Fields_High_School || Santacruz,_Mumbai"
geo_0090,Pakistan,location_related_visual_evidence,List_of_Monuments_of_National_Importance_in_Delhi,List_of_Monuments_of_National_Importance_in_Delhi || List_of_Monuments_of_National_Importance_in_Agra_district || List_of_Monuments_of_National_Importance_in_Agra_district || List_of_Monuments_of_National_Importance_in_Delhi || Google_Earth
geo_0091,Poland,generic_streetview_or_mapping,GeoGuessr,GeoGuessr || Google_Street_View || Historypin || Molotov_Line || Google_Street_View_in_Antarctica
geo_0092,Poland,transport_or_road_evidence,Interstate_91,Interstate_91 || New_Jersey_Route_35 || Pennsylvania_Route_53 || Archery_at_the_2017_World_Games_–_Men's_individual_compound || Pennsylvania_Route_232
geo_0093,Poland,generic_streetview_or_mapping,Portal:Geography/Featured_picture_archive/2006,"Portal:Geography/Featured_picture_archive/2006 || Portal:Geography/Featured_picture/2006,_week_28 || GeoGuessr || Internet_Roadtrip || Kettle_Moraine_Scenic_Drive"
geo_0094,Poland,generic_streetview_or_mapping,A6_road_(Latvia),A6_road_(Latvia) || Black_Lion_Skatepark || Birobidzhan_Yuzhniy_Airfield || Google_Street_View_in_Europe || List_of_highways_numbered_69
geo_0095,Poland,location_related_visual_evidence,Black_Lion_Skatepark,Black_Lion_Skatepark || Portal:Geography/Featured_picture_archive/2006 || Stare_Gierałty || Kettle_Moraine_Scenic_Drive || Portal:Latvia/Featured_picture/12
geo_0096,Puerto Rico,explicit_country_evidence,"List_of_highways_in_Ponce,_Puerto_Rico","List_of_highways_in_Ponce,_Puerto_Rico || Puerto_Rico_Highway_52 || Puerto_Rico_Highway_3 || Puerto_Rico_Highway_123 || Santa_Clara–Caibarién_Road"
geo_0097,Puerto Rico,explicit_country_evidence,Puerto_Rico_Highway_3,Puerto_Rico_Highway_3 || Puerto_Rico_Highway_5 || Puerto_Rico_Highway_201 || Bucaná_River || Google_Street_View_in_North_America
geo_0098,Puerto Rico,explicit_country_evidence,Google_Street_View_in_North_America,Google_Street_View_in_North_America || List_of_numbered_highways_in_the_Northern_Mariana_Islands || Puerto_Rico_Highway_3 || Puerto_Rico_Highway_53 || DR-3_(Dominican_Republic_highway)
geo_0099,Puerto Rico,generic_streetview_or_mapping,Google_Street_View_in_South_America,Google_Street_View_in_South_America || Google_Street_View_in_South_America || Google_Street_View_in_North_America || Google_Street_View_in_Argentina || Google_Street_View_in_North_America
geo_0100,Puerto Rico,explicit_country_evidence,Google_Street_View_in_South_America,Google_Street_View_in_South_America || Google_Street_View_in_Colombia || Google_Street_View_in_North_America || Puerto_Rico_Highway_3 || Achutupo_Airport
geo_0101,Senegal,weak_or_non_specific_retrieval,Circles_of_latitude_between_the_35th_parallel_north_and_the_40th_parallel_north,Circles_of_latitude_between_the_35th_parallel_north_and_the_40th_parallel_north || Google_Earth || The_Amazing_Race_1_(Chinese_season) || List_of_modern_obelisks || The_Amazing_Race_4_(Latin_American_season)
geo_0102,Senegal,explicit_country_evidence,Google_Street_View_in_Africa,Google_Street_View_in_Africa || Google_Street_View_in_Africa || N4_road_(Senegal) || N5_road_(Senegal) || Infrastructure_in_Africa
geo_0103,Senegal,generic_streetview_or_mapping,Google_Street_View_in_Africa,Google_Street_View_in_Africa || Google_Maps || Portal:Geography/Featured_picture_archive/2006 || Google_Maps || Google_Street_View_coverage
geo_0104,Senegal,transport_or_road_evidence,North_Carolina_Highway_5,North_Carolina_Highway_5 || Al_Khatim_Desert || Circles_of_latitude_between_the_20th_parallel_north_and_the_25th_parallel_north || Circles_of_latitude_between_the_20th_parallel_north_and_the_25th_parallel_north || Portal:Geography/Selected_picture
geo_0105,Senegal,weak_or_non_specific_retrieval,Adi_Bakel,Adi_Bakel || Portal:Western_Sahara/Selected_pictures || Portal:Western_Sahara/Selected_pictures || Ghadames || Tanezrouft
geo_0106,South Africa,explicit_country_evidence,Google_Street_View_in_Africa,Google_Street_View_in_Africa || Portal:Geography/Selected_picture || Google_Street_View_in_Africa || South_Africa_Safari_Rally || Circles_of_latitude_between_the_30th_parallel_north_and_the_35th_parallel_north
geo_0107,South Africa,transport_or_road_evidence,Thiele_Highway,Thiele_Highway || Tropic_of_Capricorn || Worlds_End_Highway || Playford_Highway || Highway_10_(Saudi_Arabia)
geo_0108,South Africa,transport_or_road_evidence,Playford_Highway,Playford_Highway || Thiele_Highway || List_of_companies_traded_on_the_JSE || Interstate_5_in_California || Markham_Building
geo_0109,South Africa,generic_streetview_or_mapping,Google_Street_View_in_Africa,Google_Street_View_in_Africa || Google_Street_View_in_Africa || Mkuze || Hazyview || Portal:Hudson_Valley/Selected_picture
geo_0110,South Africa,generic_streetview_or_mapping,Portal:Geography/Featured_picture_archive/2006,Portal:Geography/Featured_picture_archive/2006 || Circles_of_latitude_between_the_Equator_and_the_5th_parallel_north || GeoGuessr || Circles_of_latitude_between_the_30th_parallel_north_and_the_35th_parallel_north || Google_Street_View_in_Africa
geo_0111,South Korea,generic_streetview_or_mapping,Saruta_Kōgyō_S.C.,"Saruta_Kōgyō_S.C. || Jeongja-dong,_Seongnam || Ssangnim-dong || Sangam-dong || Google_Street_View_in_Africa"
geo_0112,South Korea,explicit_country_evidence,Anyangcheon,Anyangcheon || Roads_in_North_Korea || National_Route_58_(South_Korea) || National_Route_26_(South_Korea) || National_Route_31_(South_Korea)
geo_0113,South Korea,generic_streetview_or_mapping,Gayang-daero,Gayang-daero || The_Amazing_Race_29 || Google_Maps_pin || Seoul_Subway_Line_5 || List_of_districts_of_Seoul
geo_0114,South Korea,generic_streetview_or_mapping,Road_signs_in_China,Road_signs_in_China || GeoGuessr || GeoGuessr || GeoGuessr || Google_Street_View_coverage
geo_0115,South Korea,explicit_country_evidence,Seoul_Subway_Line_5,Seoul_Subway_Line_5 || The_Amazing_Race_29 || Seoul_Subway_Line_9 || Seoul_Subway_Line_5 || National_Route_28_(South_Korea)
geo_0116,Switzerland,explicit_country_evidence,List_of_cultural_property_of_national_significance_in_Switzerland:_Bern_A-M,List_of_cultural_property_of_national_significance_in_Switzerland:_Bern_A-M || Tractor || Google_Street_View_coverage || List_of_cultural_property_of_national_significance_in_Switzerland:_Bern_A-M || Portal:Austria/WD/Scheibbs
geo_0117,Switzerland,transport_or_road_evidence,List_of_highest_paved_roads_in_Europe,"List_of_highest_paved_roads_in_Europe || Portal:Geography/Featured_picture/2007,_week_51 || 2025_Blatten_glacier_collapse || Simplon_Pass || List_of_highest_paved_roads_in_Europe"
geo_0118,Switzerland,transport_or_road_evidence,List_of_satellite_map_images_with_missing_or_unclear_data,List_of_satellite_map_images_with_missing_or_unclear_data || A35_autoroute || Bundesautobahn_7 || Lodrino_Air_Base || Bundesautobahn_65
geo_0119,Switzerland,weak_or_non_specific_retrieval,Bernina_railway_line,Bernina_railway_line || Bernina_Express || Bernina_railway_line || Valmorea_railway || Giubiasco_railway_station
geo_0120,Switzerland,generic_streetview_or_mapping,GeoGuessr,GeoGuessr || List_of_Google_April_Fools'_Day_jokes || Race_to_the_Center_of_the_Earth || 2019_Overwatch_World_Cup || GeoGuessr
geo_0121,Taiwan,transport_or_road_evidence,Gaomei_Wetlands,Gaomei_Wetlands || List_of_Major_National_Historical_and_Cultural_Sites_in_Beijing || Road_Salt_Pond || Dushu_Lake || List_of_Major_National_Historical_and_Cultural_Sites_in_Sichuan
geo_0122,Taiwan,generic_streetview_or_mapping,List_of_Hangzhou_Metro_stations,List_of_Hangzhou_Metro_stations || S9902_Xinle-Yuanshi_Expressway || List_of_streets_and_roads_in_Hong_Kong || Google_Street_View || Google_Image_Labeler
geo_0123,Taiwan,generic_streetview_or_mapping,Google_Maps,Google_Maps || GeoGuessr || List_of_gravity_hills || List_of_gravity_hills || List_of_South_Fork_Eel_River_crossings
geo_0124,Taiwan,transport_or_road_evidence,Portal:Geography/Featured_picture_archive/2006,"Portal:Geography/Featured_picture_archive/2006 || Black_Lion_Skatepark || Portal:Geography/Featured_picture/2006,_week_28 || Tropic_of_Capricorn || Back_road"
geo_0125,Taiwan,location_related_visual_evidence,"Mahratta,_Wahroonga","Mahratta,_Wahroonga || Manhattan_House || The_Briars,_Wahroonga || Chinese_Garden_of_Friendship || Hastings_Prototype_House"
geo_0126,Tunisia,transport_or_road_evidence,Highway_15_(Jordan),Highway_15_(Jordan) || Geography_of_Western_Sahara || Portal:Jordan/Selected_picture || Moroccan_Western_Sahara_Wall || Geography_of_Western_Sahara
geo_0127,Tunisia,weak_or_non_specific_retrieval,List_of_African_regions_by_life_expectancy,List_of_African_regions_by_life_expectancy || Truck_Surf_Hotel || Mediterranean_Sea || Amioun || The_Amazing_Race_1
geo_0128,Tunisia,weak_or_non_specific_retrieval,The_Amazing_Race_1,The_Amazing_Race_1 || Portal:Western_Sahara/Selected_pictures || Portal:Mauritania/Featured_picture || Circles_of_latitude_between_the_25th_parallel_north_and_the_30th_parallel_north || Portal:Western_Sahara/Selected_pictures
geo_0129,Tunisia,generic_streetview_or_mapping,"Mezher,_Lebanon","Mezher,_Lebanon || Bizerte || List_of_monuments_in_Sliema || List_of_monuments_in_Salé,_Morocco || Google_Street_View_in_Africa"
geo_0130,Tunisia,explicit_country_evidence,Oilibya,Oilibya || A1_motorway_(Tunisia) || Trans-Arabian_Pipeline || Trans-Sahara_Highway || List_of_roads_in_Kenya
geo_0131,Uganda,explicit_country_evidence,Google_Street_View_in_Africa,"Google_Street_View_in_Africa || Google_Street_View_coverage || Google_Street_View_in_Africa || Google_Street_View_coverage || Sonde,_Uganda"
geo_0132,Uganda,generic_streetview_or_mapping,Google_Street_View_in_Africa,Google_Street_View_in_Africa || Google_Street_View_coverage || Google_Street_View_in_Africa || Google_Street_View_coverage || Google_Street_View_in_Africa
geo_0133,Uganda,generic_streetview_or_mapping,Google_Street_View_coverage,Google_Street_View_coverage || Google_Street_View_in_Africa || Google_Street_View_coverage || Ggaba || Nakasero
geo_0134,Uganda,generic_streetview_or_mapping,Google_Street_View_in_Africa,Google_Street_View_in_Africa || Rwamagana_Solar_Power_Station || Google_Street_View_coverage || Google_Street_View_coverage || Google_Street_View_in_Africa
geo_0135,Uganda,generic_streetview_or_mapping,Google_Street_View_in_Africa,Google_Street_View_in_Africa || Google_Street_View_coverage || Google_Street_View_coverage || Ggaba || Nakasero
geo_0136,United Arab Emirates,transport_or_road_evidence,List_of_buildings_in_Dubai,List_of_buildings_in_Dubai || List_of_buildings_in_Dubai || Dubai_Golf_City || List_of_development_projects_in_Dubai || List_of_roads_in_Dubai
geo_0137,United Arab Emirates,explicit_country_evidence,E_44_road_(United_Arab_Emirates),E_44_road_(United_Arab_Emirates) || Road_signs_in_Saudi_Arabia || Abu_Dhabi_Central_Capital_District || Transport_in_Dubai || Roads_in_Kuwait
geo_0138,United Arab Emirates,explicit_country_evidence,Roads_in_Kuwait,Roads_in_Kuwait || E_44_road_(United_Arab_Emirates) || D_92_road_(United_Arab_Emirates) || Transport_in_Saudi_Arabia || Gulf_Road_(Saudi_Arabia)
geo_0139,United Arab Emirates,explicit_country_evidence,Transport_in_Dubai,Transport_in_Dubai || Dubai_Golf_City || Sarkhej–Gandhinagar_Highway || E_311_road_(United_Arab_Emirates) || Dubai
geo_0140,United Arab Emirates,weak_or_non_specific_retrieval,Portal:Formula_One/Next_Grand_Prix/Round_05,Portal:Formula_One/Next_Grand_Prix/Round_05 || 2025_WRC2_Championship || 2024_GT_World_Challenge_Europe_Endurance_Cup || South_Africa_Safari_Rally || 2025_GT_World_Challenge_America
geo_0141,United Kingdom,generic_streetview_or_mapping,"List_of_listed_buildings_in_St_Andrews,_Fife","List_of_listed_buildings_in_St_Andrews,_Fife || Harrow_on_the_Hill || List_of_Google_Easter_eggs || Google_Street_View || List_of_listed_buildings_in_Cove_And_Kilcreggan"
geo_0142,United Kingdom,weak_or_non_specific_retrieval,Vatican_Gallery_of_Maps,"Vatican_Gallery_of_Maps || Sensation_(art_exhibition) || Museo_Correr || Google_Arts_&_Culture || Gemäldegalerie,_Berlin"
geo_0143,United Kingdom,explicit_country_evidence,Google_Street_View,"Google_Street_View || Grade_II_listed_buildings_in_Brighton_and_Hove:_T–V || List_of_United_Kingdom_locations:_Str-Stt || List_of_listed_buildings_in_St_Monans,_Fife || Grade_II_listed_buildings_in_Brighton_and_Hove:_I–L"
geo_0144,United Kingdom,explicit_country_evidence,North_Carolina_Highway_751,"North_Carolina_Highway_751 || Black_Lion_Skatepark || Northbrook_Park,_London || List_of_road_junctions_in_the_United_Kingdom:_N || Virginia_State_Route_215"
geo_0145,United Kingdom,generic_streetview_or_mapping,GeoGuessr,GeoGuessr || Straight_line_mission || Google_Maps || Portal:Geography/Featured_picture_archive/2006 || GeoGuessr
geo_0146,United States,generic_streetview_or_mapping,Road_signs_in_China,Road_signs_in_China || Control_city || Virginia_State_Route_215 || GeoGuessr || Road_signs_in_China
geo_0147,United States,explicit_country_evidence,Internet_Roadtrip,Internet_Roadtrip || Quebec_Route_255 || Internet_Roadtrip || Maine_State_Route_197 || U.S._Route_9_in_New_York
geo_0148,United States,weak_or_non_specific_retrieval,North_Creek_(conservation_area),North_Creek_(conservation_area) || Pennsylvania_State_Game_Lands_Number_12 || North_Carolina_game_land || Pennsylvania_State_Game_Lands_Number_49 || James_River_Face_Wilderness_Addition
geo_0149,United States,explicit_country_evidence,"Georgia,_New_Jersey","Georgia,_New_Jersey || North_Carolina_Highway_205 || Transportation_in_Augusta,_Georgia || U.S._Route_17_in_Florida || National_Register_of_Historic_Places_listings_in_Hart_County,_Georgia"
geo_0150,United States,transport_or_road_evidence,Broad_River_Air_Park,Broad_River_Air_Park || Interstate_35 || North_Texas || Missouri_Route_759 || Virginia_State_Route_215
