image_id,gold_country,predicted_country,reader_outcome,reader_status,reader_confidence,has_correct_top5_evidence,correct_evidence_count,first_correct_evidence_rank,first_correct_evidence_title,first_any_country,first_any_country_rank,first_any_country_title,total_country_evidence_mentions,evidence_to_reader_result
geo_0001,Andorra,United States,INCORRECT,explicit_match,1.0,False,0,,,United States,5,Portal:U.S._roads/Selected_picture,1,wrong_without_correct_evidence
geo_0002,Andorra,UNKNOWN,UNKNOWN,no_explicit_country_evidence,0.0,False,0,,,,,,0,no_correct_evidence_abstained
geo_0003,Andorra,UNKNOWN,UNKNOWN,no_explicit_country_evidence,0.0,False,0,,,,,,0,no_correct_evidence_abstained
geo_0004,Andorra,UNKNOWN,UNKNOWN,no_explicit_country_evidence,0.0,False,0,,,,,,0,no_correct_evidence_abstained
geo_0005,Andorra,UNKNOWN,UNKNOWN,no_explicit_country_evidence,0.0,False,0,,,,,,0,no_correct_evidence_abstained
geo_0006,Argentina,UNKNOWN,UNKNOWN,no_explicit_country_evidence,0.0,False,0,,,,,,0,no_correct_evidence_abstained
geo_0007,Argentina,UNKNOWN,UNKNOWN,no_explicit_country_evidence,0.0,False,0,,,,,,0,no_correct_evidence_abstained
geo_0008,Argentina,Argentina,CORRECT,explicit_match,1.0,True,1,1,Google_Street_View_in_Argentina,Argentina,1,Google_Street_View_in_Argentina,1,correct
geo_0009,Argentina,UNKNOWN,UNKNOWN,no_explicit_country_evidence,0.0,False,0,,,,,,0,no_correct_evidence_abstained
geo_0010,Argentina,United States,INCORRECT,explicit_match,1.0,False,0,,,United States,3,U.S._Route_95_in_Arizona,2,wrong_without_correct_evidence
geo_0011,Botswana,UNKNOWN,UNKNOWN,no_explicit_country_evidence,0.0,False,0,,,,,,0,no_correct_evidence_abstained
geo_0012,Botswana,UNKNOWN,UNKNOWN,no_explicit_country_evidence,0.0,False,0,,,,,,0,no_correct_evidence_abstained
geo_0013,Botswana,South Africa,INCORRECT,explicit_match,1.0,False,0,,,South Africa,4,R511_(South_Africa),1,wrong_without_correct_evidence
geo_0014,Botswana,South Africa,INCORRECT,explicit_match,1.0,False,0,,,South Africa,5,R511_(South_Africa),1,wrong_without_correct_evidence
geo_0015,Botswana,South Africa,INCORRECT,explicit_match,1.0,False,0,,,South Africa,3,R24_(South_Africa),1,wrong_without_correct_evidence
geo_0016,Bulgaria,UNKNOWN,UNKNOWN,no_explicit_country_evidence,0.0,False,0,,,,,,0,no_correct_evidence_abstained
geo_0017,Bulgaria,UNKNOWN,UNKNOWN,no_explicit_country_evidence,0.0,False,0,,,,,,0,no_correct_evidence_abstained
geo_0018,Bulgaria,United Kingdom,INCORRECT,explicit_match,1.0,False,0,,,United Kingdom,4,B_roads_in_Zone_3_of_the_Great_Britain_numbering_scheme,1,wrong_without_correct_evidence
geo_0019,Bulgaria,UNKNOWN,UNKNOWN,no_explicit_country_evidence,0.0,False,0,,,,,,0,no_correct_evidence_abstained
geo_0020,Bulgaria,UNKNOWN,UNKNOWN,no_explicit_country_evidence,0.0,False,0,,,,,,0,no_correct_evidence_abstained
geo_0021,Cambodia,UNKNOWN,UNKNOWN,no_explicit_country_evidence,0.0,False,0,,,,,,0,no_correct_evidence_abstained
geo_0022,Cambodia,UNKNOWN,UNKNOWN,no_explicit_country_evidence,0.0,False,0,,,,,,0,no_correct_evidence_abstained
geo_0023,Cambodia,UNKNOWN,UNKNOWN,no_explicit_country_evidence,0.0,False,0,,,,,,0,no_correct_evidence_abstained
geo_0024,Cambodia,Cambodia,CORRECT,explicit_match,1.0,True,1,5,Portal:Cambodia,Cambodia,5,Portal:Cambodia,1,correct
geo_0025,Cambodia,Ecuador,INCORRECT,explicit_match,1.0,False,0,,,Ecuador,5,Ecuador_Highway_35,1,wrong_without_correct_evidence
geo_0026,China,UNKNOWN,UNKNOWN,no_explicit_country_evidence,0.0,False,0,,,,,,0,no_correct_evidence_abstained
geo_0027,China,UNKNOWN,UNKNOWN,no_explicit_country_evidence,0.0,False,0,,,,,,0,no_correct_evidence_abstained
geo_0028,China,China,CORRECT,explicit_match,1.0,True,1,5,SOHO_China,China,5,SOHO_China,1,correct
geo_0029,China,UNKNOWN,UNKNOWN,no_explicit_country_evidence,0.0,False,0,,,,,,0,no_correct_evidence_abstained
geo_0030,China,UNKNOWN,UNKNOWN,no_explicit_country_evidence,0.0,False,0,,,,,,0,no_correct_evidence_abstained
geo_0031,Ecuador,UNKNOWN,UNKNOWN,no_explicit_country_evidence,0.0,False,0,,,,,,0,no_correct_evidence_abstained
geo_0032,Ecuador,Puerto Rico,INCORRECT,explicit_match,1.0,False,0,,,Puerto Rico,1,"List_of_highways_in_Ponce,_Puerto_Rico",4,wrong_without_correct_evidence
geo_0033,Ecuador,UNKNOWN,UNKNOWN,no_explicit_country_evidence,0.0,False,0,,,,,,0,no_correct_evidence_abstained
geo_0034,Ecuador,Argentina,INCORRECT,explicit_match,1.0,False,0,,,Argentina,2,Google_Street_View_in_Argentina,1,wrong_without_correct_evidence
geo_0035,Ecuador,Puerto Rico,INCORRECT,explicit_match,1.0,False,0,,,Puerto Rico,5,Puerto_Rico_Highway_3,1,wrong_without_correct_evidence
geo_0036,Estonia,UNKNOWN,UNKNOWN,no_explicit_country_evidence,0.0,False,0,,,,,,0,no_correct_evidence_abstained
geo_0037,Estonia,UNKNOWN,UNKNOWN,no_explicit_country_evidence,0.0,False,0,,,,,,0,no_correct_evidence_abstained
geo_0038,Estonia,UNKNOWN,UNKNOWN,no_explicit_country_evidence,0.0,False,0,,,,,,0,no_correct_evidence_abstained
geo_0039,Estonia,Latvia,INCORRECT,explicit_match,1.0,False,0,,,Latvia,1,Portal:Latvia/Featured_picture/12,1,wrong_without_correct_evidence
geo_0040,Estonia,UNKNOWN,UNKNOWN,no_explicit_country_evidence,0.0,False,0,,,,,,0,no_correct_evidence_abstained
geo_0041,Eswatini,Puerto Rico,INCORRECT,explicit_match,1.0,False,0,,,Puerto Rico,3,"List_of_highways_in_Ponce,_Puerto_Rico",1,wrong_without_correct_evidence
geo_0042,Eswatini,Puerto Rico,INCORRECT,explicit_match,1.0,False,0,,,Puerto Rico,2,Puerto_Rico_Highway_252,2,wrong_without_correct_evidence
geo_0043,Eswatini,UNKNOWN,UNKNOWN,no_explicit_country_evidence,0.0,False,0,,,,,,0,no_correct_evidence_abstained
geo_0044,Eswatini,UNKNOWN,UNKNOWN,no_explicit_country_evidence,0.0,False,0,,,,,,0,no_correct_evidence_abstained
geo_0045,Eswatini,UNKNOWN,UNKNOWN,no_explicit_country_evidence,0.0,False,0,,,,,,0,no_correct_evidence_abstained
geo_0046,Faroe Islands,Faroe Islands,CORRECT,explicit_match,1.0,True,1,1,Geography_of_the_Faroe_Islands,Faroe Islands,1,Geography_of_the_Faroe_Islands,1,correct
geo_0047,Faroe Islands,UNKNOWN,UNKNOWN,no_explicit_country_evidence,0.0,False,0,,,,,,0,no_correct_evidence_abstained
geo_0048,Faroe Islands,UNKNOWN,UNKNOWN,no_explicit_country_evidence,0.0,False,0,,,,,,0,no_correct_evidence_abstained
geo_0049,Faroe Islands,Faroe Islands,CORRECT,explicit_match,1.0,True,2,1,Geography_of_the_Faroe_Islands,Faroe Islands,1,Geography_of_the_Faroe_Islands,2,correct
geo_0050,Faroe Islands,UNKNOWN,UNKNOWN,no_explicit_country_evidence,0.0,False,0,,,,,,0,no_correct_evidence_abstained
geo_0051,France,UNKNOWN,UNKNOWN,no_explicit_country_evidence,0.0,False,0,,,,,,0,no_correct_evidence_abstained
geo_0052,France,UNKNOWN,UNKNOWN,no_explicit_country_evidence,0.0,False,0,,,,,,0,no_correct_evidence_abstained
geo_0053,France,UNKNOWN,UNKNOWN,no_explicit_country_evidence,0.0,False,0,,,,,,0,no_correct_evidence_abstained
geo_0054,France,UNKNOWN,UNKNOWN,no_explicit_country_evidence,0.0,False,0,,,,,,0,no_correct_evidence_abstained
geo_0055,France,UNKNOWN,UNKNOWN,no_explicit_country_evidence,0.0,False,0,,,,,,0,no_correct_evidence_abstained
geo_0056,Greenland,UNKNOWN,UNKNOWN,no_explicit_country_evidence,0.0,False,0,,,,,,0,no_correct_evidence_abstained
geo_0057,Greenland,UNKNOWN,UNKNOWN,no_explicit_country_evidence,0.0,False,0,,,,,,0,no_correct_evidence_abstained
geo_0058,Greenland,UNKNOWN,UNKNOWN,no_explicit_country_evidence,0.0,False,0,,,,,,0,no_correct_evidence_abstained
geo_0059,Greenland,UNKNOWN,UNKNOWN,no_explicit_country_evidence,0.0,False,0,,,,,,0,no_correct_evidence_abstained
geo_0060,Greenland,UNKNOWN,UNKNOWN,no_explicit_country_evidence,0.0,False,0,,,,,,0,no_correct_evidence_abstained
geo_0061,Latvia,Poland,INCORRECT,explicit_match,1.0,False,0,,,Poland,2,Poland–Russia_border,4,wrong_without_correct_evidence
geo_0062,Latvia,UNKNOWN,UNKNOWN,no_explicit_country_evidence,0.0,False,0,,,,,,0,no_correct_evidence_abstained
geo_0063,Latvia,UNKNOWN,UNKNOWN,no_explicit_country_evidence,0.0,False,0,,,,,,0,no_correct_evidence_abstained
geo_0064,Latvia,Latvia,CORRECT,explicit_match,1.0,True,1,5,Road_signs_in_Latvia,Latvia,5,Road_signs_in_Latvia,1,correct
geo_0065,Latvia,UNKNOWN,UNKNOWN,no_explicit_country_evidence,0.0,False,0,,,,,,0,no_correct_evidence_abstained
geo_0066,Lebanon,UNKNOWN,UNKNOWN,no_explicit_country_evidence,0.0,False,0,,,,,,0,no_correct_evidence_abstained
geo_0067,Lebanon,UNKNOWN,UNKNOWN,no_explicit_country_evidence,0.0,False,0,,,,,,0,no_correct_evidence_abstained
geo_0068,Lebanon,UNKNOWN,UNKNOWN,no_explicit_country_evidence,0.0,False,0,,,,,,0,no_correct_evidence_abstained
geo_0069,Lebanon,UNKNOWN,UNKNOWN,no_explicit_country_evidence,0.0,False,0,,,,,,0,no_correct_evidence_abstained
geo_0070,Lebanon,UNKNOWN,UNKNOWN,no_explicit_country_evidence,0.0,False,0,,,,,,0,no_correct_evidence_abstained
geo_0071,Luxembourg,UNKNOWN,UNKNOWN,no_explicit_country_evidence,0.0,False,0,,,,,,0,no_correct_evidence_abstained
geo_0072,Luxembourg,UNKNOWN,UNKNOWN,no_explicit_country_evidence,0.0,False,0,,,,,,0,no_correct_evidence_abstained
geo_0073,Luxembourg,Switzerland,INCORRECT,explicit_match,1.0,False,0,,,Switzerland,4,List_of_cultural_property_of_national_significance_in_Switzerland:_Fribourg,1,wrong_without_correct_evidence
geo_0074,Luxembourg,UNKNOWN,UNKNOWN,no_explicit_country_evidence,0.0,False,0,,,,,,0,no_correct_evidence_abstained
geo_0075,Luxembourg,UNKNOWN,UNKNOWN,no_explicit_country_evidence,0.0,False,0,,,,,,0,no_correct_evidence_abstained
geo_0076,Montenegro,Montenegro,CORRECT,explicit_match,1.0,True,1,5,M-4.1_highway_(Montenegro),Montenegro,5,M-4.1_highway_(Montenegro),1,correct
geo_0077,Montenegro,UNKNOWN,UNKNOWN,no_explicit_country_evidence,0.0,False,0,,,,,,0,no_correct_evidence_abstained
geo_0078,Montenegro,UNKNOWN,UNKNOWN,no_explicit_country_evidence,0.0,False,0,,,,,,0,no_correct_evidence_abstained
geo_0079,Montenegro,UNKNOWN,UNKNOWN,no_explicit_country_evidence,0.0,False,0,,,,,,0,no_correct_evidence_abstained
geo_0080,Montenegro,Montenegro,CORRECT,explicit_match,1.0,True,2,3,M-4.1_highway_(Montenegro),Montenegro,3,M-4.1_highway_(Montenegro),2,correct
geo_0081,Northern Mariana Islands,Puerto Rico,INCORRECT,explicit_match,0.625,False,0,,,Puerto Rico,2,Puerto_Rico_Highway_504,3,wrong_without_correct_evidence
geo_0082,Northern Mariana Islands,UNKNOWN,UNKNOWN,no_explicit_country_evidence,0.0,False,0,,,,,,0,no_correct_evidence_abstained
geo_0083,Northern Mariana Islands,UNKNOWN,UNKNOWN,no_explicit_country_evidence,0.0,False,0,,,,,,0,no_correct_evidence_abstained
geo_0084,Northern Mariana Islands,Puerto Rico,INCORRECT,explicit_match,0.875,False,0,,,Puerto Rico,2,"Aguadilla,_Puerto_Rico",3,wrong_without_correct_evidence
geo_0085,Northern Mariana Islands,Puerto Rico,INCORRECT,explicit_match,0.8,False,0,,,Puerto Rico,2,Puerto_Rico_Highway_123,2,wrong_without_correct_evidence
geo_0086,Pakistan,UNKNOWN,UNKNOWN,no_explicit_country_evidence,0.0,False,0,,,,,,0,no_correct_evidence_abstained
geo_0087,Pakistan,UNKNOWN,UNKNOWN,no_explicit_country_evidence,0.0,False,0,,,,,,0,no_correct_evidence_abstained
geo_0088,Pakistan,UNKNOWN,UNKNOWN,no_explicit_country_evidence,0.0,False,0,,,,,,0,no_correct_evidence_abstained
geo_0089,Pakistan,UNKNOWN,UNKNOWN,no_explicit_country_evidence,0.0,False,0,,,,,,0,no_correct_evidence_abstained
geo_0090,Pakistan,UNKNOWN,UNKNOWN,no_explicit_country_evidence,0.0,False,0,,,,,,0,no_correct_evidence_abstained
geo_0091,Poland,UNKNOWN,UNKNOWN,no_explicit_country_evidence,0.0,False,0,,,,,,0,no_correct_evidence_abstained
geo_0092,Poland,UNKNOWN,UNKNOWN,no_explicit_country_evidence,0.0,False,0,,,,,,0,no_correct_evidence_abstained
geo_0093,Poland,UNKNOWN,UNKNOWN,no_explicit_country_evidence,0.0,False,0,,,,,,0,no_correct_evidence_abstained
geo_0094,Poland,Latvia,INCORRECT,explicit_match,1.0,False,0,,,Latvia,1,A6_road_(Latvia),1,wrong_without_correct_evidence
geo_0095,Poland,Latvia,INCORRECT,explicit_match,1.0,False,0,,,Latvia,5,Portal:Latvia/Featured_picture/12,1,wrong_without_correct_evidence
geo_0096,Puerto Rico,Puerto Rico,CORRECT,explicit_match,1.0,True,4,1,"List_of_highways_in_Ponce,_Puerto_Rico",Puerto Rico,1,"List_of_highways_in_Ponce,_Puerto_Rico",4,correct
geo_0097,Puerto Rico,Puerto Rico,CORRECT,explicit_match,1.0,True,3,1,Puerto_Rico_Highway_3,Puerto Rico,1,Puerto_Rico_Highway_3,3,correct
geo_0098,Puerto Rico,Puerto Rico,CORRECT,explicit_match,0.555556,True,2,3,Puerto_Rico_Highway_3,Northern Mariana Islands,2,List_of_numbered_highways_in_the_Northern_Mariana_Islands,3,correct
geo_0099,Puerto Rico,Argentina,INCORRECT,explicit_match,1.0,False,0,,,Argentina,4,Google_Street_View_in_Argentina,1,wrong_without_correct_evidence
geo_0100,Puerto Rico,Puerto Rico,CORRECT,explicit_match,1.0,True,1,4,Puerto_Rico_Highway_3,Puerto Rico,4,Puerto_Rico_Highway_3,1,correct
geo_0101,Senegal,UNKNOWN,UNKNOWN,no_explicit_country_evidence,0.0,False,0,,,,,,0,no_correct_evidence_abstained
geo_0102,Senegal,Senegal,CORRECT,explicit_match,1.0,True,2,3,N4_road_(Senegal),Senegal,3,N4_road_(Senegal),2,correct
geo_0103,Senegal,UNKNOWN,UNKNOWN,no_explicit_country_evidence,0.0,False,0,,,,,,0,no_correct_evidence_abstained
geo_0104,Senegal,UNKNOWN,UNKNOWN,no_explicit_country_evidence,0.0,False,0,,,,,,0,no_correct_evidence_abstained
geo_0105,Senegal,UNKNOWN,UNKNOWN,no_explicit_country_evidence,0.0,False,0,,,,,,0,no_correct_evidence_abstained
geo_0106,South Africa,South Africa,CORRECT,explicit_match,1.0,True,1,4,South_Africa_Safari_Rally,South Africa,4,South_Africa_Safari_Rally,1,correct
geo_0107,South Africa,UNKNOWN,UNKNOWN,no_explicit_country_evidence,0.0,False,0,,,,,,0,no_correct_evidence_abstained
geo_0108,South Africa,UNKNOWN,UNKNOWN,no_explicit_country_evidence,0.0,False,0,,,,,,0,no_correct_evidence_abstained
geo_0109,South Africa,UNKNOWN,UNKNOWN,no_explicit_country_evidence,0.0,False,0,,,,,,0,no_correct_evidence_abstained
geo_0110,South Africa,UNKNOWN,UNKNOWN,no_explicit_country_evidence,0.0,False,0,,,,,,0,no_correct_evidence_abstained
geo_0111,South Korea,UNKNOWN,UNKNOWN,no_explicit_country_evidence,0.0,False,0,,,,,,0,no_correct_evidence_abstained
geo_0112,South Korea,South Korea,CORRECT,explicit_match,1.0,True,3,3,National_Route_58_(South_Korea),South Korea,3,National_Route_58_(South_Korea),3,correct
geo_0113,South Korea,UNKNOWN,UNKNOWN,no_explicit_country_evidence,0.0,False,0,,,,,,0,no_correct_evidence_abstained
geo_0114,South Korea,China,INCORRECT,explicit_match,1.0,False,0,,,China,1,Road_signs_in_China,1,wrong_without_correct_evidence
geo_0115,South Korea,South Korea,CORRECT,explicit_match,1.0,True,1,5,National_Route_28_(South_Korea),South Korea,5,National_Route_28_(South_Korea),1,correct
geo_0116,Switzerland,Switzerland,CORRECT,explicit_match,1.0,True,2,1,List_of_cultural_property_of_national_significance_in_Switzerland:_Bern_A-M,Switzerland,1,List_of_cultural_property_of_national_significance_in_Switzerland:_Bern_A-M,2,correct
geo_0117,Switzerland,UNKNOWN,UNKNOWN,no_explicit_country_evidence,0.0,False,0,,,,,,0,no_correct_evidence_abstained
geo_0118,Switzerland,UNKNOWN,UNKNOWN,no_explicit_country_evidence,0.0,False,0,,,,,,0,no_correct_evidence_abstained
geo_0119,Switzerland,UNKNOWN,UNKNOWN,no_explicit_country_evidence,0.0,False,0,,,,,,0,no_correct_evidence_abstained
geo_0120,Switzerland,UNKNOWN,UNKNOWN,no_explicit_country_evidence,0.0,False,0,,,,,,0,no_correct_evidence_abstained
geo_0121,Taiwan,UNKNOWN,UNKNOWN,no_explicit_country_evidence,0.0,False,0,,,,,,0,no_correct_evidence_abstained
geo_0122,Taiwan,UNKNOWN,UNKNOWN,no_explicit_country_evidence,0.0,False,0,,,,,,0,no_correct_evidence_abstained
geo_0123,Taiwan,UNKNOWN,UNKNOWN,no_explicit_country_evidence,0.0,False,0,,,,,,0,no_correct_evidence_abstained
geo_0124,Taiwan,UNKNOWN,UNKNOWN,no_explicit_country_evidence,0.0,False,0,,,,,,0,no_correct_evidence_abstained
geo_0125,Taiwan,UNKNOWN,UNKNOWN,no_explicit_country_evidence,0.0,False,0,,,,,,0,no_correct_evidence_abstained
geo_0126,Tunisia,UNKNOWN,UNKNOWN,no_explicit_country_evidence,0.0,False,0,,,,,,0,no_correct_evidence_abstained
geo_0127,Tunisia,UNKNOWN,UNKNOWN,no_explicit_country_evidence,0.0,False,0,,,,,,0,no_correct_evidence_abstained
geo_0128,Tunisia,UNKNOWN,UNKNOWN,no_explicit_country_evidence,0.0,False,0,,,,,,0,no_correct_evidence_abstained
geo_0129,Tunisia,Lebanon,INCORRECT,explicit_match,1.0,False,0,,,Lebanon,1,"Mezher,_Lebanon",1,wrong_without_correct_evidence
geo_0130,Tunisia,Tunisia,CORRECT,explicit_match,1.0,True,1,2,A1_motorway_(Tunisia),Tunisia,2,A1_motorway_(Tunisia),1,correct
geo_0131,Uganda,Uganda,CORRECT,explicit_match,1.0,True,1,5,"Sonde,_Uganda",Uganda,5,"Sonde,_Uganda",1,correct
geo_0132,Uganda,UNKNOWN,UNKNOWN,no_explicit_country_evidence,0.0,False,0,,,,,,0,no_correct_evidence_abstained
geo_0133,Uganda,UNKNOWN,UNKNOWN,no_explicit_country_evidence,0.0,False,0,,,,,,0,no_correct_evidence_abstained
geo_0134,Uganda,UNKNOWN,UNKNOWN,no_explicit_country_evidence,0.0,False,0,,,,,,0,no_correct_evidence_abstained
geo_0135,Uganda,UNKNOWN,UNKNOWN,no_explicit_country_evidence,0.0,False,0,,,,,,0,no_correct_evidence_abstained
geo_0136,United Arab Emirates,UNKNOWN,UNKNOWN,no_explicit_country_evidence,0.0,False,0,,,,,,0,no_correct_evidence_abstained
geo_0137,United Arab Emirates,United Arab Emirates,CORRECT,explicit_match,1.0,True,1,1,E_44_road_(United_Arab_Emirates),United Arab Emirates,1,E_44_road_(United_Arab_Emirates),1,correct
geo_0138,United Arab Emirates,United Arab Emirates,CORRECT,explicit_match,1.0,True,2,2,E_44_road_(United_Arab_Emirates),United Arab Emirates,2,E_44_road_(United_Arab_Emirates),2,correct
geo_0139,United Arab Emirates,United Arab Emirates,CORRECT,explicit_match,1.0,True,1,4,E_311_road_(United_Arab_Emirates),United Arab Emirates,4,E_311_road_(United_Arab_Emirates),1,correct
geo_0140,United Arab Emirates,South Africa,INCORRECT,explicit_match,1.0,False,0,,,South Africa,4,South_Africa_Safari_Rally,1,wrong_without_correct_evidence
geo_0141,United Kingdom,UNKNOWN,UNKNOWN,no_explicit_country_evidence,0.0,False,0,,,,,,0,no_correct_evidence_abstained
geo_0142,United Kingdom,UNKNOWN,UNKNOWN,no_explicit_country_evidence,0.0,False,0,,,,,,0,no_correct_evidence_abstained
geo_0143,United Kingdom,United Kingdom,CORRECT,explicit_match,1.0,True,1,3,List_of_United_Kingdom_locations:_Str-Stt,United Kingdom,3,List_of_United_Kingdom_locations:_Str-Stt,1,correct
geo_0144,United Kingdom,United Kingdom,CORRECT,explicit_match,1.0,True,1,4,List_of_road_junctions_in_the_United_Kingdom:_N,United Kingdom,4,List_of_road_junctions_in_the_United_Kingdom:_N,1,correct
geo_0145,United Kingdom,UNKNOWN,UNKNOWN,no_explicit_country_evidence,0.0,False,0,,,,,,0,no_correct_evidence_abstained
geo_0146,United States,China,INCORRECT,explicit_match,1.0,False,0,,,China,1,Road_signs_in_China,2,wrong_without_correct_evidence
geo_0147,United States,United States,CORRECT,explicit_match,1.0,True,1,5,U.S._Route_9_in_New_York,United States,5,U.S._Route_9_in_New_York,1,correct
geo_0148,United States,UNKNOWN,UNKNOWN,no_explicit_country_evidence,0.0,False,0,,,,,,0,no_correct_evidence_abstained
geo_0149,United States,United States,CORRECT,explicit_match,1.0,True,1,4,U.S._Route_17_in_Florida,United States,4,U.S._Route_17_in_Florida,1,correct
geo_0150,United States,UNKNOWN,UNKNOWN,no_explicit_country_evidence,0.0,False,0,,,,,,0,no_correct_evidence_abstained
