image_id,gold_country,predicted_country,reader_outcome,retrieval_failure_type,retrieval_reason,reader_failure_type,wrong_prediction_country,wrong_prediction_geographically_related,evidence_rank,evidence_title,top5_titles,manual_review_needed
geo_0001,Andorra,United States,INCORRECT,wrong_country_transport_or_road,Wrong-country road/transport evidence: United States,wrong_generic_clue,United States,False,5,Portal:U.S._roads/Selected_picture,r1: GeoGuessr || r2: List_of_highest_paved_roads_in_Europe || r3: Route_nationale_21 || r4: GeoGuessr || r5: Portal:U.S._roads/Selected_picture,no
geo_0002,Andorra,UNKNOWN,UNKNOWN,generic_retrieval,Multiple generic Street View / mapping / GeoGuessr results,reader_abstention,,False,,,r1: Google_Maps || r2: GeoGuessr || r3: GeoGuessr || r4: GeoGuessr || r5: Go_Go_Stop,no
geo_0003,Andorra,UNKNOWN,UNKNOWN,landmark_or_location_bias,"Specific landmark/location result, but no correct-country evidence",reader_abstention,,False,,,"r1: Temple_(nightclub) || r2: Solomon's_Temple,_Aizawl || r3: Santiago_Chile_Temple || r4: List_of_temples_of_the_Church_of_Jesus_Christ_of_Latter-day_Saints_by_geographic_region || r5: List_of_sister_cities_in_Texas",yes
geo_0004,Andorra,UNKNOWN,UNKNOWN,generic_retrieval,Multiple generic Street View / mapping / GeoGuessr results,reader_abstention,,False,,,r1: List_of_Google_Easter_eggs || r2: GeoGuessr || r3: Google_Street_View || r4: GeoGuessr || r5: Google_Street_View,no
geo_0005,Andorra,UNKNOWN,UNKNOWN,generic_retrieval,Multiple generic Street View / mapping / GeoGuessr results,reader_abstention,,False,,,r1: GeoGuessr || r2: GeoGuessr || r3: El_Golobar || r4: List_of_highest_paved_roads_in_Europe || r5: List_of_highest_paved_roads_in_Europe,no
geo_0006,Argentina,UNKNOWN,UNKNOWN,generic_retrieval,Multiple generic Street View / mapping / GeoGuessr results,reader_abstention,,False,,,r1: Great_Plains || r2: Geography_of_Saskatchewan || r3: Portal:Geography/Featured_picture_archive/2006 || r4: 96th_meridian_west || r5: Portal:Geography/Selected_picture,no
geo_0007,Argentina,UNKNOWN,UNKNOWN,generic_retrieval,Multiple generic Street View / mapping / GeoGuessr results,reader_abstention,,False,,,r1: North_Texas || r2: North_Texas || r3: Google_Maps || r4: North_Carolina_Highway_5 || r5: Portal:Geography/Featured_picture_archive/2006,no
geo_0008,Argentina,Argentina,CORRECT,not_a_retrieval_failure,Correct country evidence was present in Top-5,not_a_reader_failure,,False,1,Google_Street_View_in_Argentina,"r1: Google_Street_View_in_Argentina || r2: Google_Street_View || r3: Highway_I–16_(Cuba) || r4: Transportation_in_Augusta,_Georgia || r5: Aix-les-Bains",no
geo_0009,Argentina,UNKNOWN,UNKNOWN,weak_or_non_specific_retrieval,No strong geographic clue visible in retrieved titles,reader_abstention,,False,,,"r1: Aeroclub_Argentino || r2: Tropic_of_Capricorn || r3: Tropic_of_Capricorn || r4: Villa_María_de_Río_Seco_Airport || r5: Bernardo,_New_Mexico",yes
geo_0010,Argentina,United States,INCORRECT,wrong_country_transport_or_road,Wrong-country road/transport evidence: United States,wrong_transport_or_road_clue,United States,False,3,U.S._Route_95_in_Arizona,r1: List_of_landforms_of_the_Nellis_&_Wildlife_5_Ranges_region || r2: California_State_Route_62 || r3: U.S._Route_95_in_Arizona || r4: List_of_Nevada_Scenic_Byways || r5: U.S._Route_95_in_Arizona,no
geo_0011,Botswana,UNKNOWN,UNKNOWN,generic_retrieval,Multiple generic Street View / mapping / GeoGuessr results,reader_abstention,,False,,,r1: Google_Street_View_in_Africa || r2: Google_Street_View_in_Africa || r3: Rwamagana_Solar_Power_Station || r4: Adi_Bakel || r5: The_Amazing_Race_1,no
geo_0012,Botswana,UNKNOWN,UNKNOWN,weak_or_non_specific_retrieval,No strong geographic clue visible in retrieved titles,reader_abstention,,False,,,r1: Google_Street_View_in_Africa || r2: Donkerbos || r3: Sonneblom || r4: List_of_donkey_breeds || r5: List_of_donkey_breeds,yes
geo_0013,Botswana,South Africa,INCORRECT,geographically_related_wrong_evidence,Wrong-country evidence: South Africa,wrong_clue_geographically_related,South Africa,True,4,R511_(South_Africa),r1: Google_Street_View_in_Africa || r2: M9_(Johannesburg) || r3: M57_(Johannesburg) || r4: R511_(South_Africa) || r5: M43_(Johannesburg),no
geo_0014,Botswana,South Africa,INCORRECT,geographically_related_wrong_evidence,Wrong-country evidence: South Africa,wrong_clue_geographically_related,South Africa,True,5,R511_(South_Africa),r1: Google_Street_View_in_Africa || r2: Google_Street_View_in_Africa || r3: North_Carolina_Highway_5 || r4: Google_Street_View_in_Africa || r5: R511_(South_Africa),no
geo_0015,Botswana,South Africa,INCORRECT,geographically_related_wrong_evidence,Wrong-country evidence: South Africa,wrong_clue_geographically_related,South Africa,True,3,R24_(South_Africa),r1: Google_Street_View_in_Africa || r2: M5_(Johannesburg) || r3: R24_(South_Africa) || r4: Google_Street_View_in_Africa || r5: M5_(Pretoria),no
geo_0016,Bulgaria,UNKNOWN,UNKNOWN,weak_or_non_specific_retrieval,No strong geographic clue visible in retrieved titles,reader_abstention,,False,,,"r1: Teghut_mine || r2: Dashalty || r3: Tserovo,_Pazardzhik_Province || r4: Google_Street_View_in_Europe || r5: Voyvodovo,_Vratsa_Province",yes
geo_0017,Bulgaria,UNKNOWN,UNKNOWN,transport_or_road_without_country_clue,Multiple road/highway/route results without correct country evidence,reader_abstention,,False,,,r1: Route_nationale_21 || r2: Georgia_State_Route_297 || r3: List_of_gravity_hills || r4: D21_road_(Croatia) || r5: S12_highway_(Georgia),no
geo_0018,Bulgaria,United Kingdom,INCORRECT,wrong_country_transport_or_road,Wrong-country road/transport evidence: United Kingdom,wrong_transport_or_road_clue,United Kingdom,False,4,B_roads_in_Zone_3_of_the_Great_Britain_numbering_scheme,r1: A591_road || r2: North_Carolina_Highway_5 || r3: A515_road || r4: B_roads_in_Zone_3_of_the_Great_Britain_numbering_scheme || r5: Portal:Geography/Featured_picture_archive/2006,no
geo_0019,Bulgaria,UNKNOWN,UNKNOWN,generic_retrieval,Multiple generic Street View / mapping / GeoGuessr results,reader_abstention,,False,,,r1: GeoGuessr || r2: GeoGuessr || r3: List_of_Google_April_Fools'_Day_jokes || r4: Historypin || r5: Google_Street_View_in_Antarctica,no
geo_0020,Bulgaria,UNKNOWN,UNKNOWN,weak_or_non_specific_retrieval,No strong geographic clue visible in retrieved titles,reader_abstention,,False,,,"r1: Niš_Fortress || r2: Gates_of_Belgrade || r3: Gates_of_Belgrade || r4: Stari_dvor || r5: Voyvodovo,_Vratsa_Province",yes
geo_0021,Cambodia,UNKNOWN,UNKNOWN,weak_or_non_specific_retrieval,No strong geographic clue visible in retrieved titles,reader_abstention,,False,,,r1: Google_Street_View_in_Asia || r2: The_Amazing_Race_Vietnam_2015 || r3: Luang_Prabang || r4: Monivong_Boulevard || r5: Phnom_Penh,yes
geo_0022,Cambodia,UNKNOWN,UNKNOWN,weak_or_non_specific_retrieval,No strong geographic clue visible in retrieved titles,reader_abstention,,False,,,r1: Ban_Sop_Ruak || r2: List_of_rivers_of_Cameroon || r3: Mae_Hong_Son_province || r4: Phi_Pan_Nam_Range || r5: Sai_River_(Thailand),yes
geo_0023,Cambodia,UNKNOWN,UNKNOWN,generic_retrieval,Multiple generic Street View / mapping / GeoGuessr results,reader_abstention,,False,,,r1: Rural_Khmer_house || r2: Google_Street_View_in_North_America || r3: Portal:Sierra_Leone/Selected_picture || r4: Rice_barn || r5: Circles_of_latitude_between_the_Equator_and_the_5th_parallel_north,no
geo_0024,Cambodia,Cambodia,CORRECT,not_a_retrieval_failure,Correct country evidence was present in Top-5,not_a_reader_failure,,False,5,Portal:Cambodia,r1: Rural_Khmer_house || r2: Rural_Khmer_house || r3: Rural_Khmer_house || r4: Rural_Khmer_house || r5: Portal:Cambodia,no
geo_0025,Cambodia,Ecuador,INCORRECT,wrong_country_transport_or_road,Wrong-country road/transport evidence: Ecuador,wrong_transport_or_road_clue,Ecuador,False,5,Ecuador_Highway_35,r1: Florida_State_Road_405 || r2: Călmățui_(Brăila) || r3: Google_Maps || r4: Google_Maps || r5: Ecuador_Highway_35,no
geo_0026,China,UNKNOWN,UNKNOWN,generic_retrieval,Multiple generic Street View / mapping / GeoGuessr results,reader_abstention,,False,,,r1: Google_Earth || r2: List_of_satellite_map_images_with_missing_or_unclear_data || r3: Cartographic_censorship || r4: GeoGuessr || r5: Google_Maps,no
geo_0027,China,UNKNOWN,UNKNOWN,landmark_or_location_bias,"Specific landmark/location result, but no correct-country evidence",reader_abstention,,False,,,r1: Field_Museum_of_Natural_History || r2: Nazarbayev_Center || r3: North_American_Native_Museum || r4: Tibet_Museum_(Lhasa) || r5: Middle_American_Research_Institute,yes
geo_0028,China,China,CORRECT,not_a_retrieval_failure,Correct country evidence was present in Top-5,not_a_reader_failure,,False,5,SOHO_China,r1: GeoGuessr || r2: List_of_works_by_Zaha_Hadid || r3: Wangjing_SOHO || r4: Zaha_Hadid || r5: SOHO_China,no
geo_0029,China,UNKNOWN,UNKNOWN,landmark_or_location_bias,"Specific landmark/location result, but no correct-country evidence",reader_abstention,,False,,,r1: List_of_longest_suspension_bridge_spans_of_main_span_between_500_and_1000_meters || r2: List_of_longest_suspension_bridge_spans_of_main_span_between_500_and_1000_meters || r3: List_of_longest_cable-stayed_bridge_spans || r4: List_of_longest_cable-stayed_bridge_spans || r5: Architecture_of_Macau,yes
geo_0030,China,UNKNOWN,UNKNOWN,transport_or_road_without_country_clue,Multiple road/highway/route results without correct country evidence,reader_abstention,,False,,,r1: List_of_state_highways_in_Hawaii || r2: Guam_Highway_14 || r3: East_Asia || r4: Portal:Geography/Featured_picture_archive/2008 || r5: S9902_Xinle-Yuanshi_Expressway,no
geo_0031,Ecuador,UNKNOWN,UNKNOWN,weak_or_non_specific_retrieval,No strong geographic clue visible in retrieved titles,reader_abstention,,False,,,"r1: Río_Inabón || r2: Alamikamba_Airport || r3: Palcasa_Airport || r4: Santo_Domingo,_Nueva_Ecija || r5: Pan-American_Highway",yes
geo_0032,Ecuador,Puerto Rico,INCORRECT,wrong_country_transport_or_road,Wrong-country road/transport evidence: Puerto Rico,wrong_transport_or_road_clue,Puerto Rico,False,1,"List_of_highways_in_Ponce,_Puerto_Rico","r1: List_of_highways_in_Ponce,_Puerto_Rico || r2: Puerto_Rico_Highway_3 || r3: Transport_in_Nicaragua || r4: Puerto_Rico_Highway_123 || r5: Puerto_Rico_Highway_1",no
geo_0033,Ecuador,UNKNOWN,UNKNOWN,generic_retrieval,Multiple generic Street View / mapping / GeoGuessr results,reader_abstention,,False,,,r1: List_of_licensed_and_localized_editions_of_Monopoly:_South_America || r2: Portugués_River || r3: Google_Street_View_in_South_America || r4: Google_Street_View_in_South_America || r5: Mexico_City_Metrobús_Line_3,no
geo_0034,Ecuador,Argentina,INCORRECT,wrong_country_transport_or_road,Wrong-country road/transport evidence: Argentina,wrong_generic_clue,Argentina,False,2,Google_Street_View_in_Argentina,r1: Google_Street_View_in_North_America || r2: Google_Street_View_in_Argentina || r3: Google_Street_View_in_Colombia || r4: Google_Street_View_in_South_America || r5: Pan-American_Highway,no
geo_0035,Ecuador,Puerto Rico,INCORRECT,wrong_country_transport_or_road,Wrong-country road/transport evidence: Puerto Rico,wrong_transport_or_road_clue,Puerto Rico,False,5,Puerto_Rico_Highway_3,r1: Bucaná_River || r2: Google_Street_View_in_South_America || r3: Google_Street_View_in_Colombia || r4: Google_Street_View_in_North_America || r5: Puerto_Rico_Highway_3,no
geo_0036,Estonia,UNKNOWN,UNKNOWN,landmark_or_location_bias,"Specific landmark/location result, but no correct-country evidence",reader_abstention,,False,,,"r1: Black_Lion_Skatepark || r2: Golf || r3: Darby,_Montana || r4: World_Woods_Golf_Club || r5: Iandra_Castle",yes
geo_0037,Estonia,UNKNOWN,UNKNOWN,generic_retrieval,Multiple generic Street View / mapping / GeoGuessr results,reader_abstention,,False,,,r1: South_Carolina_Highway_252 || r2: Scania_Truck_Driving_Simulator || r3: Google_Street_View_coverage || r4: 2005_Race_of_Champions || r5: GeoGuessr,no
geo_0038,Estonia,UNKNOWN,UNKNOWN,generic_retrieval,Multiple generic Street View / mapping / GeoGuessr results,reader_abstention,,False,,,r1: List_of_satellite_map_images_with_missing_or_unclear_data || r2: GeoGuessr || r3: List_of_licensed_and_localized_editions_of_Monopoly:_Europe || r4: Google_Street_View_in_Europe || r5: Grand_union,no
geo_0039,Estonia,Latvia,INCORRECT,wrong_country_transport_or_road,Wrong-country road/transport evidence: Latvia,wrong_generic_clue,Latvia,False,1,Portal:Latvia/Featured_picture/12,"r1: Portal:Latvia/Featured_picture/12 || r2: Georgia_State_Route_297 || r3: Golf || r4: Florida_State_Road_5 || r5: Georgia,_New_Jersey",no
geo_0040,Estonia,UNKNOWN,UNKNOWN,transport_or_road_without_country_clue,Multiple road/highway/route results without correct country evidence,reader_abstention,,False,,,r1: North_Carolina_Highway_740 || r2: Prince_of_Wales_Drive || r3: New_York_State_Route_5 || r4: Quebec_Route_291 || r5: List_of_roads_in_Brampton,no
geo_0041,Eswatini,Puerto Rico,INCORRECT,wrong_country_transport_or_road,Wrong-country road/transport evidence: Puerto Rico,wrong_transport_or_road_clue,Puerto Rico,False,3,"List_of_highways_in_Ponce,_Puerto_Rico","r1: North_Carolina_Highway_5 || r2: Google_Street_View_in_Africa || r3: List_of_highways_in_Ponce,_Puerto_Rico || r4: Google_Maps || r5: List_of_gravity_hills",no
geo_0042,Eswatini,Puerto Rico,INCORRECT,wrong_country_transport_or_road,Wrong-country road/transport evidence: Puerto Rico,wrong_transport_or_road_clue,Puerto Rico,False,2,Puerto_Rico_Highway_252,r1: Google_Maps || r2: Puerto_Rico_Highway_252 || r3: Google_Street_View_in_North_America || r4: Puerto_Rico_Highway_20 || r5: Avenida_Juan_Ponce_de_León,no
geo_0043,Eswatini,UNKNOWN,UNKNOWN,weak_or_non_specific_retrieval,No strong geographic clue visible in retrieved titles,reader_abstention,,False,,,r1: Google_Street_View_in_Africa || r2: Djuma_Game_Reserve || r3: Wilderness_(company) || r4: Bo_Plains || r5: WildEarth,yes
geo_0044,Eswatini,UNKNOWN,UNKNOWN,generic_retrieval,Multiple generic Street View / mapping / GeoGuessr results,reader_abstention,,False,,,r1: Google_Street_View_in_Africa || r2: Google_Street_View_coverage || r3: Google_Street_View_in_Africa || r4: Google_Street_View_in_Africa || r5: Google_Street_View_coverage,no
geo_0045,Eswatini,UNKNOWN,UNKNOWN,generic_retrieval,Multiple generic Street View / mapping / GeoGuessr results,reader_abstention,,False,,,r1: Google_Street_View_in_Africa || r2: Google_Street_View_in_Africa || r3: Google_Street_View_in_Africa || r4: Google_Street_View_coverage || r5: Google_Street_View_in_Africa,no
geo_0046,Faroe Islands,Faroe Islands,CORRECT,not_a_retrieval_failure,Correct country evidence was present in Top-5,not_a_reader_failure,,False,1,Geography_of_the_Faroe_Islands,r1: Geography_of_the_Faroe_Islands || r2: Fugloyarfjørður || r3: Helluland || r4: Fjord || r5: Tunulliarfik_Fjord,no
geo_0047,Faroe Islands,UNKNOWN,UNKNOWN,transport_or_road_without_country_clue,Multiple road/highway/route results without correct country evidence,reader_abstention,,False,,,r1: Route_1_(Iceland) || r2: List_of_Google_Easter_eggs || r3: Route_1_(Iceland) || r4: Grim_(Kristiansand) || r5: The_Amazing_Race_30,no
geo_0048,Faroe Islands,UNKNOWN,UNKNOWN,weak_or_non_specific_retrieval,No strong geographic clue visible in retrieved titles,reader_abstention,,False,,,r1: Fáskrúðsfjörður || r2: Gaular || r3: Sørvágur || r4: Tjørnuvík || r5: List_of_northernmost_items,yes
geo_0049,Faroe Islands,Faroe Islands,CORRECT,not_a_retrieval_failure,Correct country evidence was present in Top-5,not_a_reader_failure,,False,1,Geography_of_the_Faroe_Islands,r1: Geography_of_the_Faroe_Islands || r2: Route_1_(Iceland) || r3: National_Tourist_Routes_in_Norway || r4: Geography_of_the_Faroe_Islands || r5: Roads_in_Iceland,no
geo_0050,Faroe Islands,UNKNOWN,UNKNOWN,weak_or_non_specific_retrieval,No strong geographic clue visible in retrieved titles,reader_abstention,,False,,,r1: Norðfjarðargöng || r2: Gásadalstunnilin || r3: Nogvafjord_Tunnel || r4: National_Tourist_Routes_in_Norway || r5: Fáskrúðsfjarðargöng,yes
geo_0051,France,UNKNOWN,UNKNOWN,transport_or_road_without_country_clue,Multiple road/highway/route results without correct country evidence,reader_abstention,,False,,,r1: List_of_satellite_map_images_with_missing_or_unclear_data || r2: List_of_Charleroi_Metro_former_lines || r3: A1_autoroute || r4: Amiens || r5: Paris_Avenue_(Versailles),no
geo_0052,France,UNKNOWN,UNKNOWN,landmark_or_location_bias,"Specific landmark/location result, but no correct-country evidence",reader_abstention,,False,,,r1: GeoGuessr || r2: On_the_Trail_of_the_Golden_Owl || r3: Castle_of_Penedono || r4: Burg_Klingenstein || r5: Church_of_Notre-Dame_de_Dives-sur-Merent,yes
geo_0053,France,UNKNOWN,UNKNOWN,weak_or_non_specific_retrieval,No strong geographic clue visible in retrieved titles,reader_abstention,,False,,,r1: GeoGuessr || r2: List_of_satellite_map_images_with_missing_or_unclear_data || r3: 2006_Race_of_Champions || r4: JumpStart_Advanced_2nd_Grade || r5: Go_Go_Stop,yes
geo_0054,France,UNKNOWN,UNKNOWN,weak_or_non_specific_retrieval,No strong geographic clue visible in retrieved titles,reader_abstention,,False,,,r1: List_of_satellite_map_images_with_missing_or_unclear_data || r2: List_of_Google_Easter_eggs || r3: Google_Street_View || r4: List_of_Charleroi_Metro_former_lines || r5: List_of_places_named_after_Pierre_Brossolette,yes
geo_0055,France,UNKNOWN,UNKNOWN,generic_retrieval,Multiple generic Street View / mapping / GeoGuessr results,reader_abstention,,False,,,r1: Google_Street_View_coverage || r2: Google_Image_Labeler || r3: GeoGuessr || r4: List_of_satellite_map_images_with_missing_or_unclear_data || r5: Google_Street_View,no
geo_0056,Greenland,UNKNOWN,UNKNOWN,weak_or_non_specific_retrieval,No strong geographic clue visible in retrieved titles,reader_abstention,,False,,,r1: Alaska_North_Slope || r2: Pipe_Peak || r3: List_of_northernmost_items || r4: Hut_Point_Peninsula || r5: Leverett_Glacier,yes
geo_0057,Greenland,UNKNOWN,UNKNOWN,generic_retrieval,Multiple generic Street View / mapping / GeoGuessr results,reader_abstention,,False,,,r1: Google_Maps || r2: GeoGuessr || r3: Ari_Huusela || r4: Nanuuseq || r5: Circumnavigation,no
geo_0058,Greenland,UNKNOWN,UNKNOWN,landmark_or_location_bias,"Specific landmark/location result, but no correct-country evidence",reader_abstention,,False,,,r1: Grim_(Kristiansand) || r2: List_of_northernmost_items || r3: Listed_buildings_in_Jönköping_County || r4: List_of_northernmost_items || r5: List_of_northernmost_items,yes
geo_0059,Greenland,UNKNOWN,UNKNOWN,weak_or_non_specific_retrieval,No strong geographic clue visible in retrieved titles,reader_abstention,,False,,,r1: Davy_Sound || r2: Wilhelmina_Bay || r3: GeoGuessr || r4: Nanuuseq || r5: Sabine_Islands,yes
geo_0060,Greenland,UNKNOWN,UNKNOWN,generic_retrieval,Multiple generic Street View / mapping / GeoGuessr results,reader_abstention,,False,,,r1: Hudson_Bay || r2: Google_Street_View_in_Antarctica || r3: Google_Street_View_in_Antarctica || r4: List_of_northernmost_items || r5: List_of_locations_in_the_Port_of_London,no
geo_0061,Latvia,Poland,INCORRECT,wrong_country_transport_or_road,Wrong-country road/transport evidence: Poland,wrong_specific_clue,Poland,False,2,Poland–Russia_border,r1: Molotov_Line || r2: Poland–Russia_border || r3: A1_autostrada_(Poland) || r4: National_road_91_(Poland) || r5: Expressway_S3_(Poland),no
geo_0062,Latvia,UNKNOWN,UNKNOWN,generic_retrieval,Multiple generic Street View / mapping / GeoGuessr results,reader_abstention,,False,,,r1: Portal:Gardening/Selected_picture/7 || r2: Portal:Geography/Featured_picture_archive/2006 || r3: Portal:North_America/Selected_picture || r4: Circles_of_latitude_between_the_50th_parallel_north_and_the_55th_parallel_north || r5: Długołęka-Koski,no
geo_0063,Latvia,UNKNOWN,UNKNOWN,weak_or_non_specific_retrieval,No strong geographic clue visible in retrieved titles,reader_abstention,,False,,,r1: Długołęka-Koski || r2: Black_Lion_Skatepark || r3: Portal:Geography/Featured_picture_archive/2006 || r4: Molotov_Line || r5: Archery_at_the_2017_World_Games_–_Men's_individual_compound,yes
geo_0064,Latvia,Latvia,CORRECT,not_a_retrieval_failure,Correct country evidence was present in Top-5,not_a_reader_failure,,False,5,Road_signs_in_Latvia,r1: GeoGuessr || r2: Go_Go_Stop || r3: Google_Maps || r4: Circles_of_latitude_between_the_50th_parallel_north_and_the_55th_parallel_north || r5: Road_signs_in_Latvia,no
geo_0065,Latvia,UNKNOWN,UNKNOWN,generic_retrieval,Multiple generic Street View / mapping / GeoGuessr results,reader_abstention,,False,,,"r1: Portal:Geography/Featured_picture_archive/2006 || r2: Portal:Geography/Featured_picture/2006,_week_28 || r3: Google_Maps || r4: Pennsylvania_Route_272 || r5: North_Carolina_Highway_5",no
geo_0066,Lebanon,UNKNOWN,UNKNOWN,weak_or_non_specific_retrieval,No strong geographic clue visible in retrieved titles,reader_abstention,,False,,,r1: Perperikon || r2: Makhtesh_Ramon || r3: Endeavour_(crater) || r4: Long_distance_observations || r5: Mitzpe_Ramon,yes
geo_0067,Lebanon,UNKNOWN,UNKNOWN,landmark_or_location_bias,"Specific landmark/location result, but no correct-country evidence",reader_abstention,,False,,,"r1: Historic_Monuments_and_Sites_of_Morocco || r2: List_of_monuments_in_Salé,_Morocco || r3: List_of_monuments_in_Marrakesh || r4: List_of_cultural_assets_of_Algeria || r5: List_of_monuments_in_Salé,_Morocco",yes
geo_0068,Lebanon,UNKNOWN,UNKNOWN,generic_retrieval,Multiple generic Street View / mapping / GeoGuessr results,reader_abstention,,False,,,r1: Google_Maps || r2: Google_Street_View_in_South_America || r3: Portal:Geography/DYK/21 || r4: Google_Street_View_in_Israel || r5: Alexandria_Corniche,no
geo_0069,Lebanon,UNKNOWN,UNKNOWN,weak_or_non_specific_retrieval,No strong geographic clue visible in retrieved titles,reader_abstention,,False,,,r1: The_Amazing_Race_11 || r2: Isola_di_Lolando || r3: Megastructures_(TV_series) || r4: Nosy_Alañaña_Light || r5: List_of_lighthouses_in_Chile:_NGA2328–NGA2718,yes
geo_0070,Lebanon,UNKNOWN,UNKNOWN,transport_or_road_without_country_clue,Multiple road/highway/route results without correct country evidence,reader_abstention,,False,,,"r1: Hamra_Street || r2: Hamra,_Beirut || r3: Google_Street_View_in_Africa || r4: Ghubaira || r5: Kızıltoprak_railway_station",no
geo_0071,Luxembourg,UNKNOWN,UNKNOWN,weak_or_non_specific_retrieval,No strong geographic clue visible in retrieved titles,reader_abstention,,False,,,r1: Porte_d'Auteuil_station || r2: Stade_Roland_Garros || r3: List_of_satellite_map_images_with_missing_or_unclear_data || r4: GeoGuessr || r5: 2019_Overwatch_World_Cup,yes
geo_0072,Luxembourg,UNKNOWN,UNKNOWN,generic_retrieval,Multiple generic Street View / mapping / GeoGuessr results,reader_abstention,,False,,,r1: GeoGuessr || r2: GeoGuessr || r3: Grand_union || r4: GeoGuessr || r5: List_of_satellite_map_images_with_missing_or_unclear_data,no
geo_0073,Luxembourg,Switzerland,INCORRECT,wrong_country_transport_or_road,Wrong-country road/transport evidence: Switzerland,wrong_specific_clue,Switzerland,False,4,List_of_cultural_property_of_national_significance_in_Switzerland:_Fribourg,r1: List_of_satellite_map_images_with_missing_or_unclear_data || r2: List_of_Polish_cities_and_towns_damaged_in_World_War_II || r3: Google_Street_View_coverage || r4: List_of_cultural_property_of_national_significance_in_Switzerland:_Fribourg || r5: List_of_protected_heritage_sites_in_Namur_(city),no
geo_0074,Luxembourg,UNKNOWN,UNKNOWN,generic_retrieval,Multiple generic Street View / mapping / GeoGuessr results,reader_abstention,,False,,,r1: Google_Street_View || r2: Google_Street_View || r3: Google_Street_View_in_Europe || r4: List_of_satellite_map_images_with_missing_or_unclear_data || r5: GeoGuessr,no
geo_0075,Luxembourg,UNKNOWN,UNKNOWN,generic_retrieval,Multiple generic Street View / mapping / GeoGuessr results,reader_abstention,,False,,,r1: Google_Maps || r2: Portal:Geography/Featured_picture_archive/2006 || r3: North_Carolina_Highway_5 || r4: Straight_line_mission || r5: List_of_Google_April_Fools'_Day_jokes,no
geo_0076,Montenegro,Montenegro,CORRECT,not_a_retrieval_failure,Correct country evidence was present in Top-5,not_a_reader_failure,,False,5,M-4.1_highway_(Montenegro),r1: European_route_E80 || r2: Autostrada_A55 || r3: European_route_E70 || r4: Autostrada_A23_(Italy) || r5: M-4.1_highway_(Montenegro),no
geo_0077,Montenegro,UNKNOWN,UNKNOWN,generic_retrieval,Multiple generic Street View / mapping / GeoGuessr results,reader_abstention,,False,,,r1: Georgia_State_Route_65 || r2: GeoGuessr || r3: Georgia_State_Route_171 || r4: GeoGuessr || r5: North_Carolina_Highway_5,no
geo_0078,Montenegro,UNKNOWN,UNKNOWN,generic_retrieval,Multiple generic Street View / mapping / GeoGuessr results,reader_abstention,,False,,,r1: 2025_Senior_Open_Championship || r2: Google_Maps || r3: North_Carolina_Highway_5 || r4: Google_Maps || r5: Google_Maps,no
geo_0079,Montenegro,UNKNOWN,UNKNOWN,generic_retrieval,Multiple generic Street View / mapping / GeoGuessr results,reader_abstention,,False,,,r1: GeoGuessr || r2: Kaaterskill_High_Peak || r3: GeoGuessr || r4: List_of_South_Fork_Eel_River_crossings || r5: Line_of_greatest_slope,no
geo_0080,Montenegro,Montenegro,CORRECT,not_a_retrieval_failure,Correct country evidence was present in Top-5,not_a_reader_failure,,False,3,M-4.1_highway_(Montenegro),r1: European_route_E80 || r2: D25_road_(Croatia) || r3: M-4.1_highway_(Montenegro) || r4: M-2_highway_(Montenegro) || r5: Google_Street_View_in_Europe,no
geo_0081,Northern Mariana Islands,Puerto Rico,INCORRECT,wrong_country_transport_or_road,"Wrong-country road/transport evidence: Puerto Rico, United States",wrong_transport_or_road_clue,Puerto Rico,False,2,Puerto_Rico_Highway_504,r1: Google_Street_View_in_North_America || r2: Puerto_Rico_Highway_504 || r3: U.S._Virgin_Islands_Highway_40 || r4: Florida_State_Road_405 || r5: Puerto_Rico_Highway_54,no
geo_0082,Northern Mariana Islands,UNKNOWN,UNKNOWN,generic_retrieval,Multiple generic Street View / mapping / GeoGuessr results,reader_abstention,,False,,,r1: Amerzone || r2: Google_Street_View_in_Oceania || r3: Fig_Tree_Drive || r4: GeoGuessr || r5: Circles_of_latitude_between_the_Equator_and_the_5th_parallel_north,no
geo_0083,Northern Mariana Islands,UNKNOWN,UNKNOWN,weak_or_non_specific_retrieval,No strong geographic clue visible in retrieved titles,reader_abstention,,False,,,r1: Sakishima_Beacons || r2: Cape_Sōya || r3: List_of_lighthouses_in_Chile:_NGA2328–NGA2718 || r4: Google_Street_View_in_Oceania || r5: Mount_Olotele,yes
geo_0084,Northern Mariana Islands,Puerto Rico,INCORRECT,wrong_country_transport_or_road,"Wrong-country road/transport evidence: Puerto Rico, United States",wrong_specific_clue,Puerto Rico,False,2,"Aguadilla,_Puerto_Rico","r1: Google_Street_View_in_North_America || r2: Aguadilla,_Puerto_Rico || r3: Puerto_Rico_Highway_735 || r4: Santa_Clara–Caibarién_Road || r5: U.S._Route_41_in_Florida",no
geo_0085,Northern Mariana Islands,Puerto Rico,INCORRECT,wrong_country_transport_or_road,"Wrong-country road/transport evidence: Puerto Rico, United States",wrong_transport_or_road_clue,Puerto Rico,False,2,Puerto_Rico_Highway_123,r1: Florida_State_Road_405 || r2: Puerto_Rico_Highway_123 || r3: Florida_State_Road_758 || r4: Florida_State_Road_64 || r5: U.S._Route_41_in_Florida,no
geo_0086,Pakistan,UNKNOWN,UNKNOWN,landmark_or_location_bias,"Specific landmark/location result, but no correct-country evidence",reader_abstention,,False,,,r1: List_of_Monuments_of_National_Importance_in_Delhi || r2: List_of_Monuments_of_National_Importance_in_Bihar || r3: List_of_Monuments_of_National_Importance_in_Agra_circle || r4: List_of_Monuments_of_National_Importance_in_Nagpur_circle || r5: List_of_Monuments_of_National_Importance_in_Delhi,yes
geo_0087,Pakistan,UNKNOWN,UNKNOWN,landmark_or_location_bias,"Specific landmark/location result, but no correct-country evidence",reader_abstention,,False,,,"r1: Hazarduari_Palace || r2: List_of_cultural_heritage_sites_in_Lahore || r3: List_of_Monuments_of_National_Importance_in_Agra_district || r4: Sus,_Pune || r5: List_of_Monuments_of_National_Importance_in_Agra_district",yes
geo_0088,Pakistan,UNKNOWN,UNKNOWN,landmark_or_location_bias,"Specific landmark/location result, but no correct-country evidence",reader_abstention,,False,,,"r1: Jama_Mosque,_Ahmedabad || r2: City_wall_of_Jaipur || r3: Harand_Fort || r4: Gates_in_Aurangabad || r5: List_of_Monuments_of_National_Importance_in_Ahmedabad_district",yes
geo_0089,Pakistan,UNKNOWN,UNKNOWN,weak_or_non_specific_retrieval,No strong geographic clue visible in retrieved titles,reader_abstention,,False,,,"r1: Punpun || r2: Santacruz,_Mumbai || r3: Black_Lion_Skatepark || r4: Strawberry_Fields_High_School || r5: Santacruz,_Mumbai",yes
geo_0090,Pakistan,UNKNOWN,UNKNOWN,landmark_or_location_bias,"Specific landmark/location result, but no correct-country evidence",reader_abstention,,False,,,r1: List_of_Monuments_of_National_Importance_in_Delhi || r2: List_of_Monuments_of_National_Importance_in_Agra_district || r3: List_of_Monuments_of_National_Importance_in_Agra_district || r4: List_of_Monuments_of_National_Importance_in_Delhi || r5: Google_Earth,yes
geo_0091,Poland,UNKNOWN,UNKNOWN,generic_retrieval,Multiple generic Street View / mapping / GeoGuessr results,reader_abstention,,False,,,r1: GeoGuessr || r2: Google_Street_View || r3: Historypin || r4: Molotov_Line || r5: Google_Street_View_in_Antarctica,no
geo_0092,Poland,UNKNOWN,UNKNOWN,transport_or_road_without_country_clue,Multiple road/highway/route results without correct country evidence,reader_abstention,,False,,,r1: Interstate_91 || r2: New_Jersey_Route_35 || r3: Pennsylvania_Route_53 || r4: Archery_at_the_2017_World_Games_–_Men's_individual_compound || r5: Pennsylvania_Route_232,no
geo_0093,Poland,UNKNOWN,UNKNOWN,generic_retrieval,Multiple generic Street View / mapping / GeoGuessr results,reader_abstention,,False,,,"r1: Portal:Geography/Featured_picture_archive/2006 || r2: Portal:Geography/Featured_picture/2006,_week_28 || r3: GeoGuessr || r4: Internet_Roadtrip || r5: Kettle_Moraine_Scenic_Drive",no
geo_0094,Poland,Latvia,INCORRECT,wrong_country_transport_or_road,Wrong-country road/transport evidence: Latvia,wrong_transport_or_road_clue,Latvia,False,1,A6_road_(Latvia),r1: A6_road_(Latvia) || r2: Black_Lion_Skatepark || r3: Birobidzhan_Yuzhniy_Airfield || r4: Google_Street_View_in_Europe || r5: List_of_highways_numbered_69,no
geo_0095,Poland,Latvia,INCORRECT,wrong_country_specific_evidence,Wrong-country evidence: Latvia,wrong_generic_clue,Latvia,False,5,Portal:Latvia/Featured_picture/12,r1: Black_Lion_Skatepark || r2: Portal:Geography/Featured_picture_archive/2006 || r3: Stare_Gierałty || r4: Kettle_Moraine_Scenic_Drive || r5: Portal:Latvia/Featured_picture/12,no
geo_0096,Puerto Rico,Puerto Rico,CORRECT,not_a_retrieval_failure,Correct country evidence was present in Top-5,not_a_reader_failure,,False,1,"List_of_highways_in_Ponce,_Puerto_Rico","r1: List_of_highways_in_Ponce,_Puerto_Rico || r2: Puerto_Rico_Highway_52 || r3: Puerto_Rico_Highway_3 || r4: Puerto_Rico_Highway_123 || r5: Santa_Clara–Caibarién_Road",no
geo_0097,Puerto Rico,Puerto Rico,CORRECT,not_a_retrieval_failure,Correct country evidence was present in Top-5,not_a_reader_failure,,False,1,Puerto_Rico_Highway_3,r1: Puerto_Rico_Highway_3 || r2: Puerto_Rico_Highway_5 || r3: Puerto_Rico_Highway_201 || r4: Bucaná_River || r5: Google_Street_View_in_North_America,no
geo_0098,Puerto Rico,Puerto Rico,CORRECT,not_a_retrieval_failure,Correct country evidence was present in Top-5,not_a_reader_failure,,False,3,Puerto_Rico_Highway_3,r1: Google_Street_View_in_North_America || r2: List_of_numbered_highways_in_the_Northern_Mariana_Islands || r3: Puerto_Rico_Highway_3 || r4: Puerto_Rico_Highway_53 || r5: DR-3_(Dominican_Republic_highway),no
geo_0099,Puerto Rico,Argentina,INCORRECT,wrong_country_transport_or_road,Wrong-country road/transport evidence: Argentina,wrong_generic_clue,Argentina,False,4,Google_Street_View_in_Argentina,r1: Google_Street_View_in_South_America || r2: Google_Street_View_in_South_America || r3: Google_Street_View_in_North_America || r4: Google_Street_View_in_Argentina || r5: Google_Street_View_in_North_America,no
geo_0100,Puerto Rico,Puerto Rico,CORRECT,not_a_retrieval_failure,Correct country evidence was present in Top-5,not_a_reader_failure,,False,4,Puerto_Rico_Highway_3,r1: Google_Street_View_in_South_America || r2: Google_Street_View_in_Colombia || r3: Google_Street_View_in_North_America || r4: Puerto_Rico_Highway_3 || r5: Achutupo_Airport,no
geo_0101,Senegal,UNKNOWN,UNKNOWN,weak_or_non_specific_retrieval,No strong geographic clue visible in retrieved titles,reader_abstention,,False,,,r1: Circles_of_latitude_between_the_35th_parallel_north_and_the_40th_parallel_north || r2: Google_Earth || r3: The_Amazing_Race_1_(Chinese_season) || r4: List_of_modern_obelisks || r5: The_Amazing_Race_4_(Latin_American_season),yes
geo_0102,Senegal,Senegal,CORRECT,not_a_retrieval_failure,Correct country evidence was present in Top-5,not_a_reader_failure,,False,3,N4_road_(Senegal),r1: Google_Street_View_in_Africa || r2: Google_Street_View_in_Africa || r3: N4_road_(Senegal) || r4: N5_road_(Senegal) || r5: Infrastructure_in_Africa,no
geo_0103,Senegal,UNKNOWN,UNKNOWN,generic_retrieval,Multiple generic Street View / mapping / GeoGuessr results,reader_abstention,,False,,,r1: Google_Street_View_in_Africa || r2: Google_Maps || r3: Portal:Geography/Featured_picture_archive/2006 || r4: Google_Maps || r5: Google_Street_View_coverage,no
geo_0104,Senegal,UNKNOWN,UNKNOWN,weak_or_non_specific_retrieval,No strong geographic clue visible in retrieved titles,reader_abstention,,False,,,r1: North_Carolina_Highway_5 || r2: Al_Khatim_Desert || r3: Circles_of_latitude_between_the_20th_parallel_north_and_the_25th_parallel_north || r4: Circles_of_latitude_between_the_20th_parallel_north_and_the_25th_parallel_north || r5: Portal:Geography/Selected_picture,yes
geo_0105,Senegal,UNKNOWN,UNKNOWN,generic_retrieval,Multiple generic Street View / mapping / GeoGuessr results,reader_abstention,,False,,,r1: Adi_Bakel || r2: Portal:Western_Sahara/Selected_pictures || r3: Portal:Western_Sahara/Selected_pictures || r4: Ghadames || r5: Tanezrouft,no
geo_0106,South Africa,South Africa,CORRECT,not_a_retrieval_failure,Correct country evidence was present in Top-5,not_a_reader_failure,,False,4,South_Africa_Safari_Rally,r1: Google_Street_View_in_Africa || r2: Portal:Geography/Selected_picture || r3: Google_Street_View_in_Africa || r4: South_Africa_Safari_Rally || r5: Circles_of_latitude_between_the_30th_parallel_north_and_the_35th_parallel_north,no
geo_0107,South Africa,UNKNOWN,UNKNOWN,transport_or_road_without_country_clue,Multiple road/highway/route results without correct country evidence,reader_abstention,,False,,,r1: Thiele_Highway || r2: Tropic_of_Capricorn || r3: Worlds_End_Highway || r4: Playford_Highway || r5: Highway_10_(Saudi_Arabia),no
geo_0108,South Africa,UNKNOWN,UNKNOWN,transport_or_road_without_country_clue,Multiple road/highway/route results without correct country evidence,reader_abstention,,False,,,r1: Playford_Highway || r2: Thiele_Highway || r3: List_of_companies_traded_on_the_JSE || r4: Interstate_5_in_California || r5: Markham_Building,no
geo_0109,South Africa,UNKNOWN,UNKNOWN,generic_retrieval,Multiple generic Street View / mapping / GeoGuessr results,reader_abstention,,False,,,r1: Google_Street_View_in_Africa || r2: Google_Street_View_in_Africa || r3: Mkuze || r4: Hazyview || r5: Portal:Hudson_Valley/Selected_picture,no
geo_0110,South Africa,UNKNOWN,UNKNOWN,generic_retrieval,Multiple generic Street View / mapping / GeoGuessr results,reader_abstention,,False,,,r1: Portal:Geography/Featured_picture_archive/2006 || r2: Circles_of_latitude_between_the_Equator_and_the_5th_parallel_north || r3: GeoGuessr || r4: Circles_of_latitude_between_the_30th_parallel_north_and_the_35th_parallel_north || r5: Google_Street_View_in_Africa,no
geo_0111,South Korea,UNKNOWN,UNKNOWN,weak_or_non_specific_retrieval,No strong geographic clue visible in retrieved titles,reader_abstention,,False,,,"r1: Saruta_Kōgyō_S.C. || r2: Jeongja-dong,_Seongnam || r3: Ssangnim-dong || r4: Sangam-dong || r5: Google_Street_View_in_Africa",yes
geo_0112,South Korea,South Korea,CORRECT,not_a_retrieval_failure,Correct country evidence was present in Top-5,not_a_reader_failure,,False,3,National_Route_58_(South_Korea),r1: Anyangcheon || r2: Roads_in_North_Korea || r3: National_Route_58_(South_Korea) || r4: National_Route_26_(South_Korea) || r5: National_Route_31_(South_Korea),no
geo_0113,South Korea,UNKNOWN,UNKNOWN,weak_or_non_specific_retrieval,No strong geographic clue visible in retrieved titles,reader_abstention,,False,,,r1: Gayang-daero || r2: The_Amazing_Race_29 || r3: Google_Maps_pin || r4: Seoul_Subway_Line_5 || r5: List_of_districts_of_Seoul,yes
geo_0114,South Korea,China,INCORRECT,wrong_country_transport_or_road,Wrong-country road/transport evidence: China,wrong_transport_or_road_clue,China,False,1,Road_signs_in_China,r1: Road_signs_in_China || r2: GeoGuessr || r3: GeoGuessr || r4: GeoGuessr || r5: Google_Street_View_coverage,no
geo_0115,South Korea,South Korea,CORRECT,not_a_retrieval_failure,Correct country evidence was present in Top-5,not_a_reader_failure,,False,5,National_Route_28_(South_Korea),r1: Seoul_Subway_Line_5 || r2: The_Amazing_Race_29 || r3: Seoul_Subway_Line_9 || r4: Seoul_Subway_Line_5 || r5: National_Route_28_(South_Korea),no
geo_0116,Switzerland,Switzerland,CORRECT,not_a_retrieval_failure,Correct country evidence was present in Top-5,not_a_reader_failure,,False,1,List_of_cultural_property_of_national_significance_in_Switzerland:_Bern_A-M,r1: List_of_cultural_property_of_national_significance_in_Switzerland:_Bern_A-M || r2: Tractor || r3: Google_Street_View_coverage || r4: List_of_cultural_property_of_national_significance_in_Switzerland:_Bern_A-M || r5: Portal:Austria/WD/Scheibbs,no
geo_0117,Switzerland,UNKNOWN,UNKNOWN,transport_or_road_without_country_clue,Multiple road/highway/route results without correct country evidence,reader_abstention,,False,,,"r1: List_of_highest_paved_roads_in_Europe || r2: Portal:Geography/Featured_picture/2007,_week_51 || r3: 2025_Blatten_glacier_collapse || r4: Simplon_Pass || r5: List_of_highest_paved_roads_in_Europe",no
geo_0118,Switzerland,UNKNOWN,UNKNOWN,weak_or_non_specific_retrieval,No strong geographic clue visible in retrieved titles,reader_abstention,,False,,,r1: List_of_satellite_map_images_with_missing_or_unclear_data || r2: A35_autoroute || r3: Bundesautobahn_7 || r4: Lodrino_Air_Base || r5: Bundesautobahn_65,yes
geo_0119,Switzerland,UNKNOWN,UNKNOWN,weak_or_non_specific_retrieval,No strong geographic clue visible in retrieved titles,reader_abstention,,False,,,r1: Bernina_railway_line || r2: Bernina_Express || r3: Bernina_railway_line || r4: Valmorea_railway || r5: Giubiasco_railway_station,yes
geo_0120,Switzerland,UNKNOWN,UNKNOWN,generic_retrieval,Multiple generic Street View / mapping / GeoGuessr results,reader_abstention,,False,,,r1: GeoGuessr || r2: List_of_Google_April_Fools'_Day_jokes || r3: Race_to_the_Center_of_the_Earth || r4: 2019_Overwatch_World_Cup || r5: GeoGuessr,no
geo_0121,Taiwan,UNKNOWN,UNKNOWN,weak_or_non_specific_retrieval,No strong geographic clue visible in retrieved titles,reader_abstention,,False,,,r1: Gaomei_Wetlands || r2: List_of_Major_National_Historical_and_Cultural_Sites_in_Beijing || r3: Road_Salt_Pond || r4: Dushu_Lake || r5: List_of_Major_National_Historical_and_Cultural_Sites_in_Sichuan,yes
geo_0122,Taiwan,UNKNOWN,UNKNOWN,transport_or_road_without_country_clue,Multiple road/highway/route results without correct country evidence,reader_abstention,,False,,,r1: List_of_Hangzhou_Metro_stations || r2: S9902_Xinle-Yuanshi_Expressway || r3: List_of_streets_and_roads_in_Hong_Kong || r4: Google_Street_View || r5: Google_Image_Labeler,no
geo_0123,Taiwan,UNKNOWN,UNKNOWN,generic_retrieval,Multiple generic Street View / mapping / GeoGuessr results,reader_abstention,,False,,,r1: Google_Maps || r2: GeoGuessr || r3: List_of_gravity_hills || r4: List_of_gravity_hills || r5: List_of_South_Fork_Eel_River_crossings,no
geo_0124,Taiwan,UNKNOWN,UNKNOWN,generic_retrieval,Multiple generic Street View / mapping / GeoGuessr results,reader_abstention,,False,,,"r1: Portal:Geography/Featured_picture_archive/2006 || r2: Black_Lion_Skatepark || r3: Portal:Geography/Featured_picture/2006,_week_28 || r4: Tropic_of_Capricorn || r5: Back_road",no
geo_0125,Taiwan,UNKNOWN,UNKNOWN,weak_or_non_specific_retrieval,No strong geographic clue visible in retrieved titles,reader_abstention,,False,,,"r1: Mahratta,_Wahroonga || r2: Manhattan_House || r3: The_Briars,_Wahroonga || r4: Chinese_Garden_of_Friendship || r5: Hastings_Prototype_House",yes
geo_0126,Tunisia,UNKNOWN,UNKNOWN,weak_or_non_specific_retrieval,No strong geographic clue visible in retrieved titles,reader_abstention,,False,,,r1: Highway_15_(Jordan) || r2: Geography_of_Western_Sahara || r3: Portal:Jordan/Selected_picture || r4: Moroccan_Western_Sahara_Wall || r5: Geography_of_Western_Sahara,yes
geo_0127,Tunisia,UNKNOWN,UNKNOWN,weak_or_non_specific_retrieval,No strong geographic clue visible in retrieved titles,reader_abstention,,False,,,r1: List_of_African_regions_by_life_expectancy || r2: Truck_Surf_Hotel || r3: Mediterranean_Sea || r4: Amioun || r5: The_Amazing_Race_1,yes
geo_0128,Tunisia,UNKNOWN,UNKNOWN,generic_retrieval,Multiple generic Street View / mapping / GeoGuessr results,reader_abstention,,False,,,r1: The_Amazing_Race_1 || r2: Portal:Western_Sahara/Selected_pictures || r3: Portal:Mauritania/Featured_picture || r4: Circles_of_latitude_between_the_25th_parallel_north_and_the_30th_parallel_north || r5: Portal:Western_Sahara/Selected_pictures,no
geo_0129,Tunisia,Lebanon,INCORRECT,wrong_country_transport_or_road,Wrong-country road/transport evidence: Lebanon,wrong_specific_clue,Lebanon,False,1,"Mezher,_Lebanon","r1: Mezher,_Lebanon || r2: Bizerte || r3: List_of_monuments_in_Sliema || r4: List_of_monuments_in_Salé,_Morocco || r5: Google_Street_View_in_Africa",no
geo_0130,Tunisia,Tunisia,CORRECT,not_a_retrieval_failure,Correct country evidence was present in Top-5,not_a_reader_failure,,False,2,A1_motorway_(Tunisia),r1: Oilibya || r2: A1_motorway_(Tunisia) || r3: Trans-Arabian_Pipeline || r4: Trans-Sahara_Highway || r5: List_of_roads_in_Kenya,no
geo_0131,Uganda,Uganda,CORRECT,not_a_retrieval_failure,Correct country evidence was present in Top-5,not_a_reader_failure,,False,5,"Sonde,_Uganda","r1: Google_Street_View_in_Africa || r2: Google_Street_View_coverage || r3: Google_Street_View_in_Africa || r4: Google_Street_View_coverage || r5: Sonde,_Uganda",no
geo_0132,Uganda,UNKNOWN,UNKNOWN,generic_retrieval,Multiple generic Street View / mapping / GeoGuessr results,reader_abstention,,False,,,r1: Google_Street_View_in_Africa || r2: Google_Street_View_coverage || r3: Google_Street_View_in_Africa || r4: Google_Street_View_coverage || r5: Google_Street_View_in_Africa,no
geo_0133,Uganda,UNKNOWN,UNKNOWN,generic_retrieval,Multiple generic Street View / mapping / GeoGuessr results,reader_abstention,,False,,,r1: Google_Street_View_coverage || r2: Google_Street_View_in_Africa || r3: Google_Street_View_coverage || r4: Ggaba || r5: Nakasero,no
geo_0134,Uganda,UNKNOWN,UNKNOWN,generic_retrieval,Multiple generic Street View / mapping / GeoGuessr results,reader_abstention,,False,,,r1: Google_Street_View_in_Africa || r2: Rwamagana_Solar_Power_Station || r3: Google_Street_View_coverage || r4: Google_Street_View_coverage || r5: Google_Street_View_in_Africa,no
geo_0135,Uganda,UNKNOWN,UNKNOWN,generic_retrieval,Multiple generic Street View / mapping / GeoGuessr results,reader_abstention,,False,,,r1: Google_Street_View_in_Africa || r2: Google_Street_View_coverage || r3: Google_Street_View_coverage || r4: Ggaba || r5: Nakasero,no
geo_0136,United Arab Emirates,UNKNOWN,UNKNOWN,landmark_or_location_bias,"Specific landmark/location result, but no correct-country evidence",reader_abstention,,False,,,r1: List_of_buildings_in_Dubai || r2: List_of_buildings_in_Dubai || r3: Dubai_Golf_City || r4: List_of_development_projects_in_Dubai || r5: List_of_roads_in_Dubai,yes
geo_0137,United Arab Emirates,United Arab Emirates,CORRECT,not_a_retrieval_failure,Correct country evidence was present in Top-5,not_a_reader_failure,,False,1,E_44_road_(United_Arab_Emirates),r1: E_44_road_(United_Arab_Emirates) || r2: Road_signs_in_Saudi_Arabia || r3: Abu_Dhabi_Central_Capital_District || r4: Transport_in_Dubai || r5: Roads_in_Kuwait,no
geo_0138,United Arab Emirates,United Arab Emirates,CORRECT,not_a_retrieval_failure,Correct country evidence was present in Top-5,not_a_reader_failure,,False,2,E_44_road_(United_Arab_Emirates),r1: Roads_in_Kuwait || r2: E_44_road_(United_Arab_Emirates) || r3: D_92_road_(United_Arab_Emirates) || r4: Transport_in_Saudi_Arabia || r5: Gulf_Road_(Saudi_Arabia),no
geo_0139,United Arab Emirates,United Arab Emirates,CORRECT,not_a_retrieval_failure,Correct country evidence was present in Top-5,not_a_reader_failure,,False,4,E_311_road_(United_Arab_Emirates),r1: Transport_in_Dubai || r2: Dubai_Golf_City || r3: Sarkhej–Gandhinagar_Highway || r4: E_311_road_(United_Arab_Emirates) || r5: Dubai,no
geo_0140,United Arab Emirates,South Africa,INCORRECT,wrong_country_specific_evidence,Wrong-country evidence: South Africa,wrong_specific_clue,South Africa,False,4,South_Africa_Safari_Rally,r1: Portal:Formula_One/Next_Grand_Prix/Round_05 || r2: 2025_WRC2_Championship || r3: 2024_GT_World_Challenge_Europe_Endurance_Cup || r4: South_Africa_Safari_Rally || r5: 2025_GT_World_Challenge_America,no
geo_0141,United Kingdom,UNKNOWN,UNKNOWN,landmark_or_location_bias,"Specific landmark/location result, but no correct-country evidence",reader_abstention,,False,,,"r1: List_of_listed_buildings_in_St_Andrews,_Fife || r2: Harrow_on_the_Hill || r3: List_of_Google_Easter_eggs || r4: Google_Street_View || r5: List_of_listed_buildings_in_Cove_And_Kilcreggan",yes
geo_0142,United Kingdom,UNKNOWN,UNKNOWN,weak_or_non_specific_retrieval,No strong geographic clue visible in retrieved titles,reader_abstention,,False,,,"r1: Vatican_Gallery_of_Maps || r2: Sensation_(art_exhibition) || r3: Museo_Correr || r4: Google_Arts_&_Culture || r5: Gemäldegalerie,_Berlin",yes
geo_0143,United Kingdom,United Kingdom,CORRECT,not_a_retrieval_failure,Correct country evidence was present in Top-5,not_a_reader_failure,,False,3,List_of_United_Kingdom_locations:_Str-Stt,"r1: Google_Street_View || r2: Grade_II_listed_buildings_in_Brighton_and_Hove:_T–V || r3: List_of_United_Kingdom_locations:_Str-Stt || r4: List_of_listed_buildings_in_St_Monans,_Fife || r5: Grade_II_listed_buildings_in_Brighton_and_Hove:_I–L",no
geo_0144,United Kingdom,United Kingdom,CORRECT,not_a_retrieval_failure,Correct country evidence was present in Top-5,not_a_reader_failure,,False,4,List_of_road_junctions_in_the_United_Kingdom:_N,"r1: North_Carolina_Highway_751 || r2: Black_Lion_Skatepark || r3: Northbrook_Park,_London || r4: List_of_road_junctions_in_the_United_Kingdom:_N || r5: Virginia_State_Route_215",no
geo_0145,United Kingdom,UNKNOWN,UNKNOWN,generic_retrieval,Multiple generic Street View / mapping / GeoGuessr results,reader_abstention,,False,,,r1: GeoGuessr || r2: Straight_line_mission || r3: Google_Maps || r4: Portal:Geography/Featured_picture_archive/2006 || r5: GeoGuessr,no
geo_0146,United States,China,INCORRECT,wrong_country_transport_or_road,Wrong-country road/transport evidence: China,wrong_transport_or_road_clue,China,False,1,Road_signs_in_China,r1: Road_signs_in_China || r2: Control_city || r3: Virginia_State_Route_215 || r4: GeoGuessr || r5: Road_signs_in_China,no
geo_0147,United States,United States,CORRECT,not_a_retrieval_failure,Correct country evidence was present in Top-5,not_a_reader_failure,,False,5,U.S._Route_9_in_New_York,r1: Internet_Roadtrip || r2: Quebec_Route_255 || r3: Internet_Roadtrip || r4: Maine_State_Route_197 || r5: U.S._Route_9_in_New_York,no
geo_0148,United States,UNKNOWN,UNKNOWN,weak_or_non_specific_retrieval,No strong geographic clue visible in retrieved titles,reader_abstention,,False,,,r1: North_Creek_(conservation_area) || r2: Pennsylvania_State_Game_Lands_Number_12 || r3: North_Carolina_game_land || r4: Pennsylvania_State_Game_Lands_Number_49 || r5: James_River_Face_Wilderness_Addition,yes
geo_0149,United States,United States,CORRECT,not_a_retrieval_failure,Correct country evidence was present in Top-5,not_a_reader_failure,,False,4,U.S._Route_17_in_Florida,"r1: Georgia,_New_Jersey || r2: North_Carolina_Highway_205 || r3: Transportation_in_Augusta,_Georgia || r4: U.S._Route_17_in_Florida || r5: National_Register_of_Historic_Places_listings_in_Hart_County,_Georgia",no
geo_0150,United States,UNKNOWN,UNKNOWN,transport_or_road_without_country_clue,Multiple road/highway/route results without correct country evidence,reader_abstention,,False,,,r1: Broad_River_Air_Park || r2: Interstate_35 || r3: North_Texas || r4: Missouri_Route_759 || r5: Virginia_State_Route_215,no
