image_id,image_path,gold_country,auto_retrieval_failure_type,auto_retrieval_reason,auto_reader_failure_type,rank1_title,rank1_score,rank2_title,rank2_score,rank3_title,rank3_score,rank4_title,rank4_score,rank5_title,rank5_score,manual_failure_type,manual_evidence,manual_notes
geo_0003,data/images/geo_0003.jpg,Andorra,landmark_or_location_bias,"Specific landmark/location result, but no correct-country evidence",reader_abstention,Temple_(nightclub),0.4429,"Solomon's_Temple,_Aizawl",0.4296,Santiago_Chile_Temple,0.4124,List_of_temples_of_the_Church_of_Jesus_Christ_of_Latter-day_Saints_by_geographic_region,0.3947,List_of_sister_cities_in_Texas,0.3944,,,
geo_0009,data/images/geo_0009.jpg,Argentina,weak_or_non_specific_retrieval,No strong geographic clue visible in retrieved titles,reader_abstention,Aeroclub_Argentino,0.4155,Tropic_of_Capricorn,0.3982,Tropic_of_Capricorn,0.3961,Villa_María_de_Río_Seco_Airport,0.3906,"Bernardo,_New_Mexico",0.3889,,,
geo_0012,data/images/geo_0012.jpg,Botswana,weak_or_non_specific_retrieval,No strong geographic clue visible in retrieved titles,reader_abstention,Google_Street_View_in_Africa,0.4128,Donkerbos,0.394,Sonneblom,0.3908,List_of_donkey_breeds,0.3751,List_of_donkey_breeds,0.3701,,,
geo_0016,data/images/geo_0016.jpg,Bulgaria,weak_or_non_specific_retrieval,No strong geographic clue visible in retrieved titles,reader_abstention,Teghut_mine,0.416,Dashalty,0.3984,"Tserovo,_Pazardzhik_Province",0.3959,Google_Street_View_in_Europe,0.39,"Voyvodovo,_Vratsa_Province",0.389,,,
geo_0020,data/images/geo_0020.jpg,Bulgaria,weak_or_non_specific_retrieval,No strong geographic clue visible in retrieved titles,reader_abstention,Niš_Fortress,0.3853,Gates_of_Belgrade,0.3825,Gates_of_Belgrade,0.377,Stari_dvor,0.377,"Voyvodovo,_Vratsa_Province",0.3703,,,
geo_0021,data/images/geo_0021.jpg,Cambodia,weak_or_non_specific_retrieval,No strong geographic clue visible in retrieved titles,reader_abstention,Google_Street_View_in_Asia,0.4262,The_Amazing_Race_Vietnam_2015,0.4079,Luang_Prabang,0.4025,Monivong_Boulevard,0.4009,Phnom_Penh,0.3983,,,
geo_0022,data/images/geo_0022.jpg,Cambodia,weak_or_non_specific_retrieval,No strong geographic clue visible in retrieved titles,reader_abstention,Ban_Sop_Ruak,0.4053,List_of_rivers_of_Cameroon,0.399,Mae_Hong_Son_province,0.3917,Phi_Pan_Nam_Range,0.3903,Sai_River_(Thailand),0.3866,,,
geo_0027,data/images/geo_0027.jpg,China,landmark_or_location_bias,"Specific landmark/location result, but no correct-country evidence",reader_abstention,Field_Museum_of_Natural_History,0.4148,Nazarbayev_Center,0.4082,North_American_Native_Museum,0.4063,Tibet_Museum_(Lhasa),0.4015,Middle_American_Research_Institute,0.4011,,,
geo_0029,data/images/geo_0029.jpg,China,landmark_or_location_bias,"Specific landmark/location result, but no correct-country evidence",reader_abstention,List_of_longest_suspension_bridge_spans_of_main_span_between_500_and_1000_meters,0.4519,List_of_longest_suspension_bridge_spans_of_main_span_between_500_and_1000_meters,0.4466,List_of_longest_cable-stayed_bridge_spans,0.4388,List_of_longest_cable-stayed_bridge_spans,0.4374,Architecture_of_Macau,0.4371,,,
geo_0031,data/images/geo_0031.jpg,Ecuador,weak_or_non_specific_retrieval,No strong geographic clue visible in retrieved titles,reader_abstention,Río_Inabón,0.3679,Alamikamba_Airport,0.3644,Palcasa_Airport,0.3605,"Santo_Domingo,_Nueva_Ecija",0.3594,Pan-American_Highway,0.3552,,,
geo_0036,data/images/geo_0036.jpg,Estonia,landmark_or_location_bias,"Specific landmark/location result, but no correct-country evidence",reader_abstention,Black_Lion_Skatepark,0.4102,Golf,0.3981,"Darby,_Montana",0.3771,World_Woods_Golf_Club,0.3745,Iandra_Castle,0.373,,,
geo_0043,data/images/geo_0043.jpg,Eswatini,weak_or_non_specific_retrieval,No strong geographic clue visible in retrieved titles,reader_abstention,Google_Street_View_in_Africa,0.3852,Djuma_Game_Reserve,0.3739,Wilderness_(company),0.3687,Bo_Plains,0.3673,WildEarth,0.3671,,,
geo_0048,data/images/geo_0048.jpg,Faroe Islands,weak_or_non_specific_retrieval,No strong geographic clue visible in retrieved titles,reader_abstention,Fáskrúðsfjörður,0.4403,Gaular,0.4157,Sørvágur,0.4113,Tjørnuvík,0.4061,List_of_northernmost_items,0.4052,,,
geo_0050,data/images/geo_0050.jpg,Faroe Islands,weak_or_non_specific_retrieval,No strong geographic clue visible in retrieved titles,reader_abstention,Norðfjarðargöng,0.4619,Gásadalstunnilin,0.4521,Nogvafjord_Tunnel,0.4407,National_Tourist_Routes_in_Norway,0.4403,Fáskrúðsfjarðargöng,0.4395,,,
geo_0052,data/images/geo_0052.jpg,France,landmark_or_location_bias,"Specific landmark/location result, but no correct-country evidence",reader_abstention,GeoGuessr,0.4021,On_the_Trail_of_the_Golden_Owl,0.3852,Castle_of_Penedono,0.3751,Burg_Klingenstein,0.3741,Church_of_Notre-Dame_de_Dives-sur-Merent,0.3726,,,
geo_0053,data/images/geo_0053.jpg,France,weak_or_non_specific_retrieval,No strong geographic clue visible in retrieved titles,reader_abstention,GeoGuessr,0.3917,List_of_satellite_map_images_with_missing_or_unclear_data,0.3582,2006_Race_of_Champions,0.3525,JumpStart_Advanced_2nd_Grade,0.3515,Go_Go_Stop,0.3495,,,
geo_0054,data/images/geo_0054.jpg,France,weak_or_non_specific_retrieval,No strong geographic clue visible in retrieved titles,reader_abstention,List_of_satellite_map_images_with_missing_or_unclear_data,0.3717,List_of_Google_Easter_eggs,0.3681,Google_Street_View,0.365,List_of_Charleroi_Metro_former_lines,0.3637,List_of_places_named_after_Pierre_Brossolette,0.3622,,,
geo_0056,data/images/geo_0056.jpg,Greenland,weak_or_non_specific_retrieval,No strong geographic clue visible in retrieved titles,reader_abstention,Alaska_North_Slope,0.4289,Pipe_Peak,0.4261,List_of_northernmost_items,0.4231,Hut_Point_Peninsula,0.4216,Leverett_Glacier,0.4207,,,
geo_0058,data/images/geo_0058.jpg,Greenland,landmark_or_location_bias,"Specific landmark/location result, but no correct-country evidence",reader_abstention,Grim_(Kristiansand),0.4383,List_of_northernmost_items,0.4171,Listed_buildings_in_Jönköping_County,0.4039,List_of_northernmost_items,0.3996,List_of_northernmost_items,0.3954,,,
geo_0059,data/images/geo_0059.jpg,Greenland,weak_or_non_specific_retrieval,No strong geographic clue visible in retrieved titles,reader_abstention,Davy_Sound,0.4145,Wilhelmina_Bay,0.4109,GeoGuessr,0.4082,Nanuuseq,0.4047,Sabine_Islands,0.4042,,,
geo_0063,data/images/geo_0063.jpg,Latvia,weak_or_non_specific_retrieval,No strong geographic clue visible in retrieved titles,reader_abstention,Długołęka-Koski,0.3828,Black_Lion_Skatepark,0.3812,Portal:Geography/Featured_picture_archive/2006,0.3802,Molotov_Line,0.3781,Archery_at_the_2017_World_Games_–_Men's_individual_compound,0.356,,,
geo_0066,data/images/geo_0066.jpg,Lebanon,weak_or_non_specific_retrieval,No strong geographic clue visible in retrieved titles,reader_abstention,Perperikon,0.4231,Makhtesh_Ramon,0.4055,Endeavour_(crater),0.4032,Long_distance_observations,0.3885,Mitzpe_Ramon,0.388,,,
geo_0067,data/images/geo_0067.jpg,Lebanon,landmark_or_location_bias,"Specific landmark/location result, but no correct-country evidence",reader_abstention,Historic_Monuments_and_Sites_of_Morocco,0.4125,"List_of_monuments_in_Salé,_Morocco",0.4051,List_of_monuments_in_Marrakesh,0.4032,List_of_cultural_assets_of_Algeria,0.4016,"List_of_monuments_in_Salé,_Morocco",0.3983,,,
geo_0069,data/images/geo_0069.jpg,Lebanon,weak_or_non_specific_retrieval,No strong geographic clue visible in retrieved titles,reader_abstention,The_Amazing_Race_11,0.3801,Isola_di_Lolando,0.3748,Megastructures_(TV_series),0.3677,Nosy_Alañaña_Light,0.3676,List_of_lighthouses_in_Chile:_NGA2328–NGA2718,0.3668,,,
geo_0071,data/images/geo_0071.jpg,Luxembourg,weak_or_non_specific_retrieval,No strong geographic clue visible in retrieved titles,reader_abstention,Porte_d'Auteuil_station,0.3618,Stade_Roland_Garros,0.3545,List_of_satellite_map_images_with_missing_or_unclear_data,0.3457,GeoGuessr,0.3419,2019_Overwatch_World_Cup,0.3407,,,
geo_0083,data/images/geo_0083.jpg,Northern Mariana Islands,weak_or_non_specific_retrieval,No strong geographic clue visible in retrieved titles,reader_abstention,Sakishima_Beacons,0.3913,Cape_Sōya,0.3877,List_of_lighthouses_in_Chile:_NGA2328–NGA2718,0.3855,Google_Street_View_in_Oceania,0.3825,Mount_Olotele,0.3789,,,
geo_0086,data/images/geo_0086.jpg,Pakistan,landmark_or_location_bias,"Specific landmark/location result, but no correct-country evidence",reader_abstention,List_of_Monuments_of_National_Importance_in_Delhi,0.4477,List_of_Monuments_of_National_Importance_in_Bihar,0.4462,List_of_Monuments_of_National_Importance_in_Agra_circle,0.4372,List_of_Monuments_of_National_Importance_in_Nagpur_circle,0.4362,List_of_Monuments_of_National_Importance_in_Delhi,0.4342,,,
geo_0087,data/images/geo_0087.jpg,Pakistan,landmark_or_location_bias,"Specific landmark/location result, but no correct-country evidence",reader_abstention,Hazarduari_Palace,0.3981,List_of_cultural_heritage_sites_in_Lahore,0.3903,List_of_Monuments_of_National_Importance_in_Agra_district,0.383,"Sus,_Pune",0.3764,List_of_Monuments_of_National_Importance_in_Agra_district,0.3752,,,
geo_0088,data/images/geo_0088.jpg,Pakistan,landmark_or_location_bias,"Specific landmark/location result, but no correct-country evidence",reader_abstention,"Jama_Mosque,_Ahmedabad",0.4364,City_wall_of_Jaipur,0.4268,Harand_Fort,0.4237,Gates_in_Aurangabad,0.4143,List_of_Monuments_of_National_Importance_in_Ahmedabad_district,0.4128,,,
geo_0089,data/images/geo_0089.jpg,Pakistan,weak_or_non_specific_retrieval,No strong geographic clue visible in retrieved titles,reader_abstention,Punpun,0.3878,"Santacruz,_Mumbai",0.38,Black_Lion_Skatepark,0.3718,Strawberry_Fields_High_School,0.3697,"Santacruz,_Mumbai",0.3695,,,
geo_0090,data/images/geo_0090.jpg,Pakistan,landmark_or_location_bias,"Specific landmark/location result, but no correct-country evidence",reader_abstention,List_of_Monuments_of_National_Importance_in_Delhi,0.3941,List_of_Monuments_of_National_Importance_in_Agra_district,0.3801,List_of_Monuments_of_National_Importance_in_Agra_district,0.3768,List_of_Monuments_of_National_Importance_in_Delhi,0.376,Google_Earth,0.372,,,
geo_0101,data/images/geo_0101.jpg,Senegal,weak_or_non_specific_retrieval,No strong geographic clue visible in retrieved titles,reader_abstention,Circles_of_latitude_between_the_35th_parallel_north_and_the_40th_parallel_north,0.3924,Google_Earth,0.3873,The_Amazing_Race_1_(Chinese_season),0.3848,List_of_modern_obelisks,0.3838,The_Amazing_Race_4_(Latin_American_season),0.3837,,,
geo_0104,data/images/geo_0104.jpg,Senegal,weak_or_non_specific_retrieval,No strong geographic clue visible in retrieved titles,reader_abstention,North_Carolina_Highway_5,0.3717,Al_Khatim_Desert,0.3662,Circles_of_latitude_between_the_20th_parallel_north_and_the_25th_parallel_north,0.3662,Circles_of_latitude_between_the_20th_parallel_north_and_the_25th_parallel_north,0.3589,Portal:Geography/Selected_picture,0.3554,,,
geo_0111,data/images/geo_0111.jpg,South Korea,weak_or_non_specific_retrieval,No strong geographic clue visible in retrieved titles,reader_abstention,Saruta_Kōgyō_S.C.,0.3951,"Jeongja-dong,_Seongnam",0.3818,Ssangnim-dong,0.3761,Sangam-dong,0.3753,Google_Street_View_in_Africa,0.3742,,,
geo_0113,data/images/geo_0113.jpg,South Korea,weak_or_non_specific_retrieval,No strong geographic clue visible in retrieved titles,reader_abstention,Gayang-daero,0.384,The_Amazing_Race_29,0.3832,Google_Maps_pin,0.3818,Seoul_Subway_Line_5,0.3765,List_of_districts_of_Seoul,0.3763,,,
geo_0118,data/images/geo_0118.jpg,Switzerland,weak_or_non_specific_retrieval,No strong geographic clue visible in retrieved titles,reader_abstention,List_of_satellite_map_images_with_missing_or_unclear_data,0.3817,A35_autoroute,0.3701,Bundesautobahn_7,0.3693,Lodrino_Air_Base,0.3664,Bundesautobahn_65,0.3645,,,
geo_0119,data/images/geo_0119.jpg,Switzerland,weak_or_non_specific_retrieval,No strong geographic clue visible in retrieved titles,reader_abstention,Bernina_railway_line,0.4696,Bernina_Express,0.4682,Bernina_railway_line,0.4651,Valmorea_railway,0.4518,Giubiasco_railway_station,0.4504,,,
geo_0121,data/images/geo_0121.jpg,Taiwan,weak_or_non_specific_retrieval,No strong geographic clue visible in retrieved titles,reader_abstention,Gaomei_Wetlands,0.3575,List_of_Major_National_Historical_and_Cultural_Sites_in_Beijing,0.3527,Road_Salt_Pond,0.3492,Dushu_Lake,0.3456,List_of_Major_National_Historical_and_Cultural_Sites_in_Sichuan,0.3451,,,
geo_0125,data/images/geo_0125.jpg,Taiwan,weak_or_non_specific_retrieval,No strong geographic clue visible in retrieved titles,reader_abstention,"Mahratta,_Wahroonga",0.3847,Manhattan_House,0.3809,"The_Briars,_Wahroonga",0.3689,Chinese_Garden_of_Friendship,0.3687,Hastings_Prototype_House,0.3675,,,
geo_0126,data/images/geo_0126.jpg,Tunisia,weak_or_non_specific_retrieval,No strong geographic clue visible in retrieved titles,reader_abstention,Highway_15_(Jordan),0.4237,Geography_of_Western_Sahara,0.408,Portal:Jordan/Selected_picture,0.4074,Moroccan_Western_Sahara_Wall,0.3964,Geography_of_Western_Sahara,0.3925,,,
geo_0127,data/images/geo_0127.jpg,Tunisia,weak_or_non_specific_retrieval,No strong geographic clue visible in retrieved titles,reader_abstention,List_of_African_regions_by_life_expectancy,0.4136,Truck_Surf_Hotel,0.4127,Mediterranean_Sea,0.4116,Amioun,0.3959,The_Amazing_Race_1,0.3941,,,
geo_0136,data/images/geo_0136.jpg,United Arab Emirates,landmark_or_location_bias,"Specific landmark/location result, but no correct-country evidence",reader_abstention,List_of_buildings_in_Dubai,0.413,List_of_buildings_in_Dubai,0.4105,Dubai_Golf_City,0.4092,List_of_development_projects_in_Dubai,0.3889,List_of_roads_in_Dubai,0.3887,,,
geo_0141,data/images/geo_0141.jpg,United Kingdom,landmark_or_location_bias,"Specific landmark/location result, but no correct-country evidence",reader_abstention,"List_of_listed_buildings_in_St_Andrews,_Fife",0.3871,Harrow_on_the_Hill,0.3869,List_of_Google_Easter_eggs,0.3864,Google_Street_View,0.3834,List_of_listed_buildings_in_Cove_And_Kilcreggan,0.3805,,,
geo_0142,data/images/geo_0142.jpg,United Kingdom,weak_or_non_specific_retrieval,No strong geographic clue visible in retrieved titles,reader_abstention,Vatican_Gallery_of_Maps,0.4438,Sensation_(art_exhibition),0.435,Museo_Correr,0.4297,Google_Arts_&_Culture,0.4224,"Gemäldegalerie,_Berlin",0.4207,,,
geo_0148,data/images/geo_0148.jpg,United States,weak_or_non_specific_retrieval,No strong geographic clue visible in retrieved titles,reader_abstention,North_Creek_(conservation_area),0.3872,Pennsylvania_State_Game_Lands_Number_12,0.383,North_Carolina_game_land,0.3792,Pennsylvania_State_Game_Lands_Number_49,0.3788,James_River_Face_Wilderness_Addition,0.3754,,,
